segment_id,video_id,wrist,obj_label,start_frame,end_frame,start_time,end_time,duration_frames,duration_sec,speed_mean,speed_max,path_len,dist_center_mean,dist_center_min,inside_ratio,dx_end_start,dy_end_start,cluster
0012b44f-0735-5b4d-831b-223d970db656,1beb9101-49c7-4284-88eb-442f8c46d4b0,Right,person,328,367,32.8,36.7,42,3.9000000000000057,29.371072016250476,210.77476129745705,1204.2139526662702,394.29846997944907,320.57078001589605,1.0,-369.0,-543.0,0
ba5e1e30-1c77-50e4-8f57-270440deea1c,1beb9101-49c7-4284-88eb-442f8c46d4b0,Right,person,372,373,37.2,37.3,3,0.09999999999999432,81.68384173139752,163.36768346279504,163.36768346279504,678.2082205350072,541.4339504096968,0.3333333333333333,92.0,-135.0,1
744927ad-0b5a-5262-a76e-c9d420d536da,1beb9101-49c7-4284-88eb-442f8c46d4b0,Right,person,1181,1267,118.1,126.7,88,8.600000000000009,14.699047312272825,188.55768348173987,1278.8171161677358,349.8969527928963,322.34783231782404,1.0,-145.0,464.0,0
569291d5-eea4-5504-a357-ddda52a6047a,1beb9101-49c7-4284-88eb-442f8c46d4b0,Right,person,1479,1499,147.9,149.9,21,2.0,38.60811186652891,323.93826572357887,772.1622373305781,121.79521534135495,70.55361436524709,1.0,-104.0,215.0,1
3fa8881a-7baf-5d9d-aec6-0aaf898d0f44,1beb9101-49c7-4284-88eb-442f8c46d4b0,Right,person,1738,1744,173.8,174.4,7,0.5999999999999943,34.24615043299111,63.89053137985315,205.47690259794663,461.756954967319,390.75159948489016,0.8571428571428571,-23.0,162.0,1
2962b8f4-eddc-5e3b-86db-04bc1f193ae8,1beb9101-49c7-4284-88eb-442f8c46d4b0,Right,person,1879,1886,187.9,188.6,9,0.6999999999999886,58.65188435219107,112.58774356030055,469.21507481752855,557.6278713300082,424.05556829264725,1.0,-49.0,146.0,1
7dcbc0b8-5810-51a8-a581-acdebe0f2476,1beb9101-49c7-4284-88eb-442f8c46d4b0,Right,person,1932,1998,193.2,199.8,68,6.600000000000023,17.493182274229206,145.41664278891878,1172.043212373357,314.913455536935,211.4976359205937,1.0,-47.0,-31.0,0
66792015-b2be-5337-bf44-e2293062ea1a,1beb9101-49c7-4284-88eb-442f8c46d4b0,Right,person,2106,2129,210.6,212.9,24,2.3000000000000114,23.35506216050131,122.42957159118053,537.1664296915302,500.65725013947394,414.5977719428796,1.0,-5.0,467.0,1
7e543295-7046-50db-8636-eba787a95109,1beb9101-49c7-4284-88eb-442f8c46d4b0,Right,person,2625,2634,262.5,263.4,9,0.8999999999999773,149.47882105409283,817.9217566491309,1195.8305684327427,562.6119945370086,444.7798612797122,0.8888888888888888,800.0,231.0,0
ec38294f-5f23-5d89-a239-0e1715e0aa52,1beb9101-49c7-4284-88eb-442f8c46d4b0,Right,person,2641,2702,264.1,270.2,61,6.099999999999966,38.23266090718344,190.3943276465977,2293.9596544310048,529.0825763026714,465.8440759792916,1.0,25.0,-66.0,0
cd64c81d-c7ee-52a2-ad32-d108b06c28c2,1beb9101-49c7-4284-88eb-442f8c46d4b0,Left,person,332,369,33.2,36.9,39,3.6999999999999957,18.702562756322926,126.90941651429968,710.6973847402713,526.3308890096408,469.971541691622,0.8205128205128205,46.0,73.0,1
67922620-5836-5b30-9d58-907efb23da69,1beb9101-49c7-4284-88eb-442f8c46d4b0,Left,person,533,537,53.3,53.7,5,0.4000000000000057,19.698090024443985,28.792360097775937,78.79236009777594,578.9220685079896,574.2203409841904,0.2,45.0,10.0,1
e52a846c-9732-580c-a226-7834440b44f4,1beb9101-49c7-4284-88eb-442f8c46d4b0,Left,person,1376,1394,137.6,139.4,21,1.8000000000000114,51.75368497807251,183.3930205869351,1035.0736995614502,343.9736806012917,250.0881094734414,1.0,165.0,101.0,1
4c6d8d93-e65d-58b2-98fb-75e44e32dbec,1beb9101-49c7-4284-88eb-442f8c46d4b0,Left,person,1713,1718,171.3,171.8,6,0.5,32.516169219666715,46.09772228646444,162.58084609833358,383.644576378387,353.1413491790504,1.0,91.0,-21.0,1
a53156f4-2940-5bc0-8112-4ec83582360f,1beb9101-49c7-4284-88eb-442f8c46d4b0,Left,person,1729,1746,172.9,174.6,19,1.6999999999999886,51.16488108936599,202.5487595617411,920.9678596085878,426.85736836005526,204.2096043284938,0.7894736842105263,-103.0,74.0,1
4c77d8f2-bafe-595c-8a08-8824c5f1b8ae,1beb9101-49c7-4284-88eb-442f8c46d4b0,Left,person,2624,2633,262.4,263.3,10,0.9000000000000341,42.19887694946867,100.16985574512923,379.78989254521804,608.3510251563749,533.6215887686704,1.0,-110.0,133.0,1
3981b7e3-3af1-5c0c-bade-93e88ea4cae6,1beb9101-49c7-4284-88eb-442f8c46d4b0,Left,person,2693,2706,269.3,270.6,14,1.3000000000000114,42.64987425395556,84.71717653463199,554.4483653014222,626.4884687889062,545.6863224417485,0.8571428571428571,160.0,171.0,1
c3751085-0e97-5eee-8c01-9a893d25e36f,f1670724-64b1-4820-99c6-266351a2debe,Left,person,39,56,3.9,5.6,18,1.6999999999999997,52.83543870862393,156.58863304850706,898.202458046607,154.39466246323184,112.72287385026387,1.0,-299.0,-440.0,1
f1bcb06a-4cad-564c-aa4e-bde6d4ac0ddc,f1670724-64b1-4820-99c6-266351a2debe,Left,person,59,67,5.9,6.7,9,0.7999999999999998,54.2087736534982,95.80187889597991,433.6701892279856,125.66947199968548,82.11653304907605,1.0,10.0,91.0,1
ffa3bbe0-73dd-591d-a232-ae63c8b5422f,f1670724-64b1-4820-99c6-266351a2debe,Left,person,70,73,7.0,7.3,4,0.2999999999999998,108.66666666666667,208.0,326.0,283.95376526110994,244.16365541374088,0.5,-90.0,0.0,1
d45d5136-ef48-5292-ac4e-a1e6ab9e7ac7,f1670724-64b1-4820-99c6-266351a2debe,Left,person,87,101,8.7,10.1,14,1.4000000000000004,114.66938857603046,1112.7555886177342,1490.702051488396,274.4099909047684,196.6648481554342,0.5714285714285714,-1060.0,-73.0,0
35e36522-b079-5505-8e7a-05a93dbb532c,f1670724-64b1-4820-99c6-266351a2debe,Left,person,135,139,13.5,13.9,6,0.40000000000000036,122.62397556976813,216.91011963483862,613.1198778488407,375.38827757525837,226.44815217837393,1.0,174.0,-278.0,1
05d0f3ae-73d4-52e9-8d67-0bb08caeec68,f1670724-64b1-4820-99c6-266351a2debe,Left,person,178,188,17.8,18.8,11,1.0,144.39455745899284,286.0087411251621,1443.9455745899284,313.131344516071,123.25912745107358,0.5454545454545454,24.0,-1015.0,0
0293a634-566a-570a-aafe-2dd855237771,f1670724-64b1-4820-99c6-266351a2debe,Left,person,216,223,21.6,22.3,8,0.6999999999999993,83.56244576772148,194.03092537015846,584.9371203740504,330.0860571870381,218.18986320690976,0.5,271.0,-351.0,1
97e207af-bdfe-5f2e-bfe3-1ae27b25e6af,f1670724-64b1-4820-99c6-266351a2debe,Left,person,246,247,24.6,24.7,3,0.09999999999999787,103.35013304297193,206.70026608594387,206.70026608594387,448.52244589297516,391.9666409992692,0.3333333333333333,17.0,-206.0,1
9fa24212-c92b-5e3b-90f0-ff17e195f0b8,f1670724-64b1-4820-99c6-266351a2debe,Left,person,251,255,25.1,25.5,5,0.3999999999999986,18.096829078303095,48.27007354458868,72.38731631321238,203.568112266289,180.12842640738302,0.6,6.0,48.0,1
0adce3f7-2605-5232-9b8c-3b509d7f1b5f,f1670724-64b1-4820-99c6-266351a2debe,Left,person,288,309,28.8,30.9,22,2.099999999999998,16.257348221642165,34.17601498127012,341.40431265448547,166.31303056724963,109.9295228771598,0.9090909090909091,-1.0,-62.0,1
86ed36fc-66e1-5aaa-b45a-3938a6edb38a,f1670724-64b1-4820-99c6-266351a2debe,Left,person,312,314,31.2,31.4,3,0.1999999999999993,67.79912620815853,106.96261028976434,135.59825241631705,388.32433566296487,333.9795091019807,0.6666666666666666,99.0,74.0,1
c5b3089b-71b8-5fce-ab4d-c0721054a425,f1670724-64b1-4820-99c6-266351a2debe,Left,person,322,327,32.2,32.7,6,0.5,23.973816228443532,36.069377593742864,119.86908114221767,162.40940869646474,108.71091251571758,0.8333333333333334,54.0,59.0,1
12999942-d0ba-5d57-a365-d6e018b9f09b,f1670724-64b1-4820-99c6-266351a2debe,Left,person,369,381,36.9,38.1,13,1.2000000000000028,95.88326133242799,160.0,1150.5991359891361,417.1496128335502,303.1831451965132,0.6153846153846154,104.0,-1042.0,1
80bf894c-2ea1-5780-87b8-fe9560ac23eb,f1670724-64b1-4820-99c6-266351a2debe,Left,person,446,449,44.6,44.9,6,0.29999999999999716,40.0002236309961,133.15029102484155,200.00111815498053,163.25862572052264,102.71958187220196,1.0,76.0,166.0,1
15161686-bbf4-56b6-8d17-d5961ec3a21d,f1670724-64b1-4820-99c6-266351a2debe,Left,person,464,467,46.4,46.7,4,0.30000000000000426,42.333333333333336,46.0,127.0,284.9776034292145,255.36145491489117,0.5,45.0,0.0,1
5f0e247c-b910-52cb-b21a-d4ea27c17c5a,f1670724-64b1-4820-99c6-266351a2debe,Left,person,487,549,48.7,54.9,63,6.199999999999996,19.71935601372522,200.84820138602188,1222.6000728509634,304.8754413675862,201.7301725077337,0.49206349206349204,-19.0,491.0,0
8fcaede3-ca61-5c70-8de8-644db81ddde3,f1670724-64b1-4820-99c6-266351a2debe,Left,person,554,557,55.4,55.7,4,0.30000000000000426,52.58307549548697,76.05918747922567,157.7492264864609,220.2909937531888,155.5,0.5,90.0,84.0,1
a8a44820-9860-5678-ac71-458e13b8e1f8,f1670724-64b1-4820-99c6-266351a2debe,Left,person,616,618,61.6,61.8,3,0.19999999999999574,49.509142136928844,57.245087125446844,99.01828427385769,205.20098072550365,161.5794236784189,1.0,34.0,92.0,1
5d3da775-1313-5434-b7da-064804028001,f1670724-64b1-4820-99c6-266351a2debe,Left,person,630,640,63.0,64.0,11,1.0,31.428746994528478,69.06518659932803,314.2874699452848,296.4835130574524,247.71720267272516,1.0,-45.0,156.0,1
e1450125-1500-5843-8065-1d3956a6fcba,f1670724-64b1-4820-99c6-266351a2debe,Left,person,662,668,66.2,66.8,7,0.5999999999999943,94.13201987962834,142.57980221616245,564.7921192777701,454.3291483505518,378.9862505751363,0.8571428571428571,-53.0,-389.0,1
91ea4170-a4de-56cb-9728-9bbb08d3392d,f1670724-64b1-4820-99c6-266351a2debe,Left,person,724,730,72.4,73.0,8,0.5999999999999943,30.862988728074015,95.29428104561154,216.0409210965181,382.4492547283245,357.534963325267,0.625,0.0,102.0,1
859677d9-219b-526a-8f85-03e96a2be938,f1670724-64b1-4820-99c6-266351a2debe,Left,person,743,758,74.3,75.8,17,1.5,95.28975226967134,310.90995481007036,1524.6360363147414,438.7309930819304,312.4621977135794,1.0,-429.0,234.0,0
7527a31b-3b57-5270-b4a8-1ffcec062c30,f1670724-64b1-4820-99c6-266351a2debe,Left,person,763,809,76.3,80.9,52,4.6000000000000085,24.260762550458118,139.05394636614957,1237.298890073364,367.59403821064734,289.2148382366472,0.34615384615384615,90.0,-672.0,0
40ff9020-fdf4-5381-8859-3cc45e916f3c,f1670724-64b1-4820-99c6-266351a2debe,Left,person,894,899,89.4,89.9,7,0.5,48.54263934610018,160.90059042775448,291.2558360766011,336.1119391163141,300.61270764889497,0.7142857142857143,13.0,179.0,1
f7f5939d-0481-5e8c-8c7c-84236c31f17e,f1670724-64b1-4820-99c6-266351a2debe,Left,person,932,942,93.2,94.2,12,1.0,120.46330229451884,621.7113478134366,1325.0963252397073,135.30272867093706,77.70507142394247,1.0,-211.0,225.0,0
f25a2fbf-6fab-58b2-a4ac-66202f1c19bc,f1670724-64b1-4820-99c6-266351a2debe,Left,person,988,993,98.8,99.3,6,0.5,63.50257528338718,123.03251602726817,317.5128764169359,233.83587313898246,217.54338647727263,1.0,-129.0,-139.0,1
88662118-948c-5a25-aa8a-ea4583abf1bf,f1670724-64b1-4820-99c6-266351a2debe,Left,person,1006,1009,100.6,100.9,4,0.30000000000001137,159.99710435588915,210.61813787041228,479.9913130676674,326.2764153071863,276.31781548834306,1.0,218.0,-421.0,1
a7c13719-e9dd-5948-a675-0db78cf3b163,f1670724-64b1-4820-99c6-266351a2debe,Left,person,1014,1032,101.4,103.2,19,1.7999999999999972,40.582524520733834,123.43419299367578,730.485441373209,437.2920443689383,354.2736407072928,0.2631578947368421,-85.0,-140.0,1
5b55cd87-8387-5966-8d20-16bc4885087d,f1670724-64b1-4820-99c6-266351a2debe,Left,person,1053,1062,105.3,106.2,11,0.9000000000000057,120.52089904468997,256.8462575160479,1205.2089904468996,289.5855387950232,101.92705725174254,0.8181818181818182,368.0,0.0,0
745ca15c-d80b-528d-a24c-67573be13342,f1670724-64b1-4820-99c6-266351a2debe,Left,person,1089,1102,108.9,110.2,14,1.2999999999999972,52.818464537224024,266.6927070618917,686.6400389839123,262.5609153382923,177.1711742919824,0.2857142857142857,66.0,-355.0,1
29271f63-664e-5fa3-aa0d-8f2813f83462,f1670724-64b1-4820-99c6-266351a2debe,Left,person,1662,1666,166.2,166.6,5,0.4000000000000057,58.99366929748493,111.5212984142491,235.9746771899397,335.10619719284034,261.71827052194885,0.8,133.0,179.0,1
5559953a-15a5-5897-8acb-ff6fb5e5b5de,f1670724-64b1-4820-99c6-266351a2debe,Left,person,1689,1697,168.9,169.7,12,0.799999999999983,35.87575524116218,123.0,394.63330765278397,332.8801702457765,258.91185306248536,0.08333333333333333,12.0,223.0,1
4e658806-b6c0-57d6-b9b7-cd5ef518891a,f1670724-64b1-4820-99c6-266351a2debe,Left,person,1701,1705,170.1,170.5,5,0.4000000000000057,67.94648618493926,106.25441167311595,271.78594473975704,513.8311293644524,427.77290722560963,1.0,39.0,98.0,1
a5ede84b-07f3-57d9-964b-1630defe56de,f1670724-64b1-4820-99c6-266351a2debe,Left,person,1730,1753,173.0,175.3,25,2.3000000000000114,39.22003976749586,104.0,941.2809544199006,500.351645647523,362.71933019898455,0.76,108.0,132.0,1
49fe615f-3685-5b5a-8753-b5a52f6cbd98,f1670724-64b1-4820-99c6-266351a2debe,Left,person,2302,2337,230.2,233.7,36,3.5,66.39520939961339,227.0,2323.832328986469,440.8426139019091,222.71352114319419,0.4166666666666667,46.0,-619.0,0
dcd3fa24-5a26-59e2-80b4-5df3f3c90564,f1670724-64b1-4820-99c6-266351a2debe,Left,person,2365,2377,236.5,237.7,14,1.1999999999999886,74.50027575034382,225.30423875284725,968.5035847544697,255.89277689192016,187.6832437912346,0.7857142857142857,36.0,284.0,1
df064ac6-fee2-55ab-b7d2-89a75952b6b4,f1670724-64b1-4820-99c6-266351a2debe,Left,person,2380,2399,238.0,239.9,20,1.9000000000000057,56.58636856651487,183.21571984958058,1075.1410027637826,337.6523981534933,273.5219155410586,0.4,-68.0,825.0,1
1284e887-a50b-50cb-8dc9-a2ca7bf8c13a,f1670724-64b1-4820-99c6-266351a2debe,Right,person,87,100,8.7,10.0,14,1.3000000000000007,27.218638786355605,80.4114419718985,353.8423042226229,294.1617738242109,252.2410259181682,0.2857142857142857,-25.0,26.0,1
25134328-1cce-5971-9988-c5cf357b1e97,f1670724-64b1-4820-99c6-266351a2debe,Right,person,367,372,36.7,37.2,7,0.5,23.166666666666668,74.0,139.0,372.5470851172509,318.2879064718765,0.2857142857142857,0.0,-123.0,1
41a2c405-4e68-5455-9a2c-ec5732e7bb00,f1670724-64b1-4820-99c6-266351a2debe,Right,person,410,412,41.0,41.2,3,0.20000000000000284,29.03475808275995,30.610455730027933,58.0695161655199,206.98489588902711,191.2920705361307,1.0,-34.0,-47.0,1
cb413695-af5d-5963-a87f-29ac6f13ffba,f1670724-64b1-4820-99c6-266351a2debe,Right,person,440,449,44.0,44.9,14,0.8999999999999986,49.214933850245316,224.04017496868727,639.7941400531892,129.26903968766524,77.9365289133568,1.0,-45.0,417.0,1
9bfb949e-dcbc-5781-aa7c-cb5e039b65e3,f1670724-64b1-4820-99c6-266351a2debe,Right,person,556,603,55.6,60.3,48,4.699999999999996,24.07924115791388,162.11107303327555,1131.7243344219523,191.51855283635996,48.065151503584175,0.9791666666666666,341.0,-156.0,0
4987fc3e-7e0f-50f8-8be8-ec351b802762,f1670724-64b1-4820-99c6-266351a2debe,Right,person,616,622,61.6,62.2,10,0.6000000000000014,310.37228879106874,1124.3206837908835,2793.350599119619,460.692101642912,247.0711740350592,0.5,-67.0,723.0,0
98e07fb7-6d7d-5fd6-a612-23e1ea345394,f1670724-64b1-4820-99c6-266351a2debe,Right,person,646,661,64.6,66.1,17,1.5,83.52653518032648,376.90980353394895,1336.4245628852234,384.04966091229255,172.5876588867234,0.7647058823529411,39.0,-562.0,0
db55c659-fe8f-5d89-813f-0b920bd6bbef,f1670724-64b1-4820-99c6-266351a2debe,Right,person,764,813,76.4,81.3,56,4.8999999999999915,8.318084768259677,24.839484696748443,457.4946622542822,331.90592711747064,317.37044600907626,0.8392857142857143,49.0,-3.0,1
8bab3b8c-cedf-5229-8c4e-c4f2dd6979e2,f1670724-64b1-4820-99c6-266351a2debe,Right,person,821,873,82.1,87.3,64,5.200000000000003,21.321534954916434,118.0,1343.2567021597351,414.89026936683126,288.1900685745434,0.390625,-169.0,-335.0,0
14ab0972-cf58-5096-b13a-5d352965fd92,f1670724-64b1-4820-99c6-266351a2debe,Right,person,1020,1022,102.0,102.2,3,0.20000000000000284,47.5,54.0,95.0,458.4710500263061,447.0931111077423,0.0,0.0,95.0,1
9b21be20-a0dd-5407-b119-c736aa8ed059,f1670724-64b1-4820-99c6-266351a2debe,Right,person,1092,1109,109.2,110.9,18,1.7000000000000028,29.834930076432858,98.0,507.1938112993586,235.0309372396951,171.791297800558,0.8888888888888888,-196.0,283.0,1
87083ff4-5d84-5add-ba12-d59f556cff1b,f1670724-64b1-4820-99c6-266351a2debe,Right,person,1126,1163,112.6,116.3,44,3.700000000000003,17.52303577082501,103.46496991735899,753.4905381454755,295.8453567664412,226.01911561856886,0.5227272727272727,0.0,245.0,1
a944b4cd-4b0a-536b-b346-13765c97c8d2,f1670724-64b1-4820-99c6-266351a2debe,Right,person,1657,1662,165.7,166.2,10,0.5,37.24810565130706,144.4714504668656,335.2329508617635,504.3704069840795,475.1308084688363,0.4,-69.0,-314.0,1
6ada1a39-80b9-5dd6-b26c-a3deb828b5b0,f1670724-64b1-4820-99c6-266351a2debe,Right,person,1684,1707,168.4,170.7,26,2.299999999999983,224.2965919430645,1088.9674007976548,5607.414798576612,416.54571158534634,300.55742483758405,0.4230769230769231,1028.0,39.0,0
500b6815-b133-5733-933e-7e9334ed60d5,f1670724-64b1-4820-99c6-266351a2debe,Right,person,1732,1741,173.2,174.1,12,0.9000000000000057,14.721254298826334,38.3275357934736,161.93379728708967,612.1050287466537,434.6326753708239,0.08333333333333333,0.0,16.0,1
2bb48641-1a58-5d73-bb0f-0ce059708c53,f1670724-64b1-4820-99c6-266351a2debe,Right,person,1829,1837,182.9,183.7,10,0.799999999999983,72.78659009492225,233.4180798481557,655.0793108543003,447.4862579309789,168.51191537989234,0.7,-168.0,91.0,1
74c4aa4e-c820-525f-8207-c4c9560cdada,2f6a215c-75ec-4d30-9deb-0f24cacc03cd,Right,person,1037,1061,103.7,106.1,61,2.3999999999999915,33.861790122655435,200.52929960482084,2031.7074073593258,387.58057727237764,306.08620619851524,1.0,207.0,-102.0,0
94e1632f-39c0-5509-b510-83ab9f795be1,2f6a215c-75ec-4d30-9deb-0f24cacc03cd,Right,person,1088,1121,108.8,112.1,38,3.299999999999997,36.80272164406112,195.0640920313116,1361.7007008302617,309.8188074250773,155.3878715505171,1.0,121.0,213.0,0
1ccc9bdb-24de-57c6-ae38-2e0caf72a7b2,2f6a215c-75ec-4d30-9deb-0f24cacc03cd,Right,person,1127,1141,112.7,114.1,15,1.3999999999999915,15.90073742452169,31.304951684997057,222.61032394330368,363.1806866144203,350.00362860842245,1.0,-15.0,-79.0,1
faf2bb8b-7c62-522a-9d1c-24bc2bc4fab8,2f6a215c-75ec-4d30-9deb-0f24cacc03cd,Right,person,1144,1146,114.4,114.6,3,0.19999999999998863,9.911164360798805,12.206555615733702,19.82232872159761,345.3350379892549,341.26712411247587,1.0,0.0,13.0,1
451fa54d-3c1e-5432-bb5c-9a817982a0bb,2f6a215c-75ec-4d30-9deb-0f24cacc03cd,Right,person,1149,1153,114.9,115.3,4,0.3999999999999915,7.731120005945955,9.899494936611665,23.193360017837865,352.2956109334239,348.72410298113897,1.0,-14.0,5.0,1
0bb73f1e-8a59-5b48-92f0-374165aa5edf,2f6a215c-75ec-4d30-9deb-0f24cacc03cd,Right,person,1168,1173,116.8,117.3,7,0.5,47.3828538596786,139.08630414242805,284.2971231580716,387.8422408070408,339.38261961980317,1.0,-261.0,55.0,1
91307603-228c-5632-b6e8-c5e8d168403d,2f6a215c-75ec-4d30-9deb-0f24cacc03cd,Right,person,1272,1273,127.2,127.3,3,0.09999999999999432,37.61980861195336,75.23961722390672,75.23961722390672,243.4067596624014,210.31523958096807,1.0,69.0,30.0,1
716ff1d9-73e1-55c8-be20-d54643ae765f,2f6a215c-75ec-4d30-9deb-0f24cacc03cd,Right,person,1750,1754,175.0,175.4,7,0.4000000000000057,73.00278822104225,164.02743672934722,438.01672932625354,566.7740502093528,414.7428843949586,0.8571428571428571,-125.0,159.0,1
336a26aa-c681-5fcf-820d-4424a9473d18,2f6a215c-75ec-4d30-9deb-0f24cacc03cd,Right,person,1896,1962,189.6,196.2,88,6.599999999999994,74.9510164549632,702.3595945098209,6520.738431581798,522.0971452968688,319.3768346326953,0.9090909090909091,22.0,-278.0,0
93b5d5d6-5255-50ae-8bef-1f5829948772,2f6a215c-75ec-4d30-9deb-0f24cacc03cd,Right,person,1966,1973,196.6,197.3,10,0.700000000000017,39.90362211019854,87.05170877128145,359.13259899178684,562.344286022296,503.6075636098012,1.0,37.0,328.0,1
f8de0ca4-f0bf-5749-a7a4-1de628492419,2f6a215c-75ec-4d30-9deb-0f24cacc03cd,Right,person,2477,2484,247.7,248.4,9,0.700000000000017,106.54625910569949,214.67184258770408,852.3700728455958,564.360409161096,447.61101974817376,0.6666666666666666,-104.0,-117.0,1
299d49a7-ac4b-5bba-805f-c9a1e3073e22,2f6a215c-75ec-4d30-9deb-0f24cacc03cd,Left,person,107,110,10.7,11.0,5,0.3000000000000007,69.7660392523249,184.94593804677083,279.0641570092996,103.58871888554373,88.88952500857455,1.0,250.0,102.0,1
1524f60f-f53f-5336-b1df-76bcb0aabd61,2f6a215c-75ec-4d30-9deb-0f24cacc03cd,Left,person,133,136,13.3,13.6,4,0.29999999999999893,8.72260314219749,18.35755975068582,26.167809426592473,194.6917932397963,182.59672094536637,1.0,15.0,-11.0,1
d7e02880-51c5-5db0-b8c6-1cda1f131023,2f6a215c-75ec-4d30-9deb-0f24cacc03cd,Left,person,960,972,96.0,97.2,12,1.2000000000000028,56.4524071539168,116.72617529928752,620.9764786930848,336.91657046844085,144.19523440460853,1.0,-227.0,401.0,1
5a514f3e-42ba-56f1-b93b-69b98fe4bf35,2f6a215c-75ec-4d30-9deb-0f24cacc03cd,Left,person,1050,1051,105.0,105.1,4,0.09999999999999432,9.386751893552482,28.160255680657446,28.160255680657446,346.1026711455014,343.0903898756128,1.0,8.0,27.0,1
a27deb84-217d-5cbe-a855-a23ec8ab04fd,2f6a215c-75ec-4d30-9deb-0f24cacc03cd,Left,person,1058,1070,105.8,107.0,17,1.2000000000000028,69.67758807657067,268.40454541605664,1114.8414092251307,419.36179035897504,22.017393692260672,1.0,550.0,326.0,0
62b4d15a-0752-5f2a-8b21-837a429eb675,2f6a215c-75ec-4d30-9deb-0f24cacc03cd,Left,person,1085,1087,108.5,108.7,3,0.20000000000000284,21.435581053860943,23.021728866442675,42.87116210772189,723.5560642202025,713.8263778092331,1.0,-28.0,-32.0,1
0da625a5-e95e-5b84-8b9d-4e8364947182,2f6a215c-75ec-4d30-9deb-0f24cacc03cd,Left,person,1147,1150,114.7,115.0,3,0.29999999999999716,7.4735639913751895,8.54400374531753,14.947127982750379,346.23114083596755,343.57916209368693,1.0,-1.0,3.0,1
0e013edb-8f4d-59f6-a860-9b981af74050,2f6a215c-75ec-4d30-9deb-0f24cacc03cd,Left,person,1164,1166,116.4,116.6,4,0.19999999999998863,13.711122885017744,38.897300677553446,41.13336865505323,329.9725291975921,301.3268833426583,1.0,-10.0,38.0,1
c6594769-264b-54fe-95d0-2165b4513d6d,0f042d5f-c1e2-4fe9-9b0e-1fb28c25feec,Left,person,265,270,26.5,27.0,5,0.5,52.30776406404415,89.0,209.2310562561766,294.20969003539597,254.2162280913632,0.2,-10.0,208.0,1
3877470c-5a49-5008-aa0c-63e9e7f35251,0f042d5f-c1e2-4fe9-9b0e-1fb28c25feec,Left,person,308,327,30.8,32.7,19,1.9000000000000021,39.08506318519553,121.6552506059644,703.5311373335196,372.01154382861,243.17358126449508,1.0,122.0,182.0,1
6ba62659-a0b2-5637-8999-3d0f6fdd331b,0f042d5f-c1e2-4fe9-9b0e-1fb28c25feec,Left,person,330,333,33.0,33.3,4,0.29999999999999716,19.093369963093505,32.0,57.28010988928052,266.20581949736516,239.3062319628346,0.5,-7.0,-48.0,1
4d9e20af-b237-5345-8388-0e3a9ed06761,0f042d5f-c1e2-4fe9-9b0e-1fb28c25feec,Left,person,376,391,37.6,39.1,16,1.5,38.45291739766189,73.38937252763509,576.7937609649283,271.15704746395807,191.9665091233364,0.9375,100.0,-116.0,1
db17ac3c-be63-5efc-baca-1bf2a3bcb7e1,0f042d5f-c1e2-4fe9-9b0e-1fb28c25feec,Left,person,402,414,40.2,41.4,13,1.1999999999999957,57.070745951698406,170.90640713560157,684.8489514203809,548.2725038684657,506.88363124587084,0.6923076923076923,169.0,-53.0,1
0f46223d-b8a4-5329-b935-c84e2101ce08,0f042d5f-c1e2-4fe9-9b0e-1fb28c25feec,Left,person,1066,1069,106.6,106.9,4,0.30000000000001137,96.90675949830211,167.5857989210303,290.7202784949063,282.0463490422436,246.99051095133188,1.0,-226.0,172.0,1
84afb062-26c0-5858-8eec-137e9d95df61,0f042d5f-c1e2-4fe9-9b0e-1fb28c25feec,Left,person,1104,1112,110.4,111.2,10,0.7999999999999972,54.81338999188045,116.61903789690601,493.32050992692405,206.88452156531858,121.2245462973568,1.0,230.0,24.0,1
2f6b5a5a-79b0-518e-a5aa-ecd044dc3fef,0f042d5f-c1e2-4fe9-9b0e-1fb28c25feec,Left,person,1115,1119,111.5,111.9,7,0.4000000000000057,41.523328330036236,81.02468759581859,249.13996998021742,448.5247414812415,399.52382301466076,1.0,93.0,-169.0,1
6c638dc7-8ecc-5203-8165-5df20ef38a5d,0f042d5f-c1e2-4fe9-9b0e-1fb28c25feec,Right,person,269,272,26.9,27.2,3,0.3000000000000007,72.0,79.0,144.0,289.3564734415664,235.40231519677116,0.6666666666666666,-144.0,0.0,1
3ca891bd-a2c2-5367-ae90-8d86b2a5686a,8f6698a0-aa29-46f1-8012-d75a95262f28,Left,person,66,69,6.6,6.9,4,0.3000000000000007,82.90162875782887,107.56393447619885,248.7048862734866,368.1685324835943,350.25136063261766,1.0,73.0,-152.0,1
505e687a-7d5c-5edc-bf60-0514901b27c9,8f6698a0-aa29-46f1-8012-d75a95262f28,Left,person,72,85,7.2,8.5,14,1.2999999999999998,74.76372725636074,120.28299963003916,971.9284543326895,327.6158686478696,226.9004462313814,0.6428571428571429,0.0,-259.0,1
5fd4f167-54e5-58f9-bef4-b37b087d6bf2,8f6698a0-aa29-46f1-8012-d75a95262f28,Left,person,137,147,13.7,14.7,12,1.0,50.87135997055309,151.58495967608397,559.5849596760839,330.1249854584078,284.9106219501126,0.75,147.0,-25.0,1
fb9049e4-b6be-5fe3-b461-1f6694b18e00,8f6698a0-aa29-46f1-8012-d75a95262f28,Left,person,282,293,28.2,29.3,12,1.1000000000000014,39.81818181818182,82.0,438.0,497.22221757132434,405.85238233870206,0.4166666666666667,176.0,0.0,1
b7fd4b62-0bff-55a7-be7d-2ea307df115f,8f6698a0-aa29-46f1-8012-d75a95262f28,Left,person,364,367,36.4,36.7,4,0.30000000000000426,130.07435962542488,274.5541840875859,390.22307887627466,95.51534970842313,78.88995500062096,1.0,108.0,296.0,1
df34e48c-5e57-5eef-ab78-5daaacfedcee,8f6698a0-aa29-46f1-8012-d75a95262f28,Left,person,447,450,44.7,45.0,4,0.29999999999999716,81.12739195949622,143.6175476743702,243.38217587848865,187.10935502531808,142.7165329913199,1.0,160.0,85.0,1
a487a5a3-5443-53e7-a7c4-7de216ea4184,8f6698a0-aa29-46f1-8012-d75a95262f28,Left,person,454,456,45.4,45.6,4,0.20000000000000284,37.484880463356575,91.2414379544733,112.45464139006972,344.9727716129285,293.9143157452525,1.0,-63.0,-84.0,1
11c6d4d0-0f6e-5178-a318-cdb582d55531,8f6698a0-aa29-46f1-8012-d75a95262f28,Left,person,459,467,45.9,46.7,9,0.8000000000000043,111.19065908122656,165.22106403240477,889.5252726498125,423.2160344561932,376.7908073454022,1.0,496.0,-72.0,1
e7e7a69b-0465-5018-b2ac-50c1ffd36605,8f6698a0-aa29-46f1-8012-d75a95262f28,Left,person,630,634,63.0,63.4,5,0.3999999999999986,64.78728728968832,99.04544411531506,259.1491491587533,356.5884944668725,305.9042499806925,1.0,-84.0,228.0,1
910b4a2c-962f-5caf-bfab-bb4bfd1e15e2,8f6698a0-aa29-46f1-8012-d75a95262f28,Left,person,704,708,70.4,70.8,5,0.3999999999999915,24.5,43.0,98.0,372.80343125596943,334.6887546661824,0.6,0.0,98.0,1
2b568b38-e505-5166-bc1e-60263011f871,8f6698a0-aa29-46f1-8012-d75a95262f28,Left,person,729,735,72.9,73.5,7,0.5999999999999943,35.626032201214095,69.18092222571191,213.75619320728455,396.8252662866331,312.72401970427535,0.5714285714285714,5.0,142.0,1
28c0ad84-451e-53cc-a7ec-01362e56ecc7,8f6698a0-aa29-46f1-8012-d75a95262f28,Left,person,787,805,78.7,80.5,19,1.7999999999999972,50.53894728286199,164.40194646049662,909.7010510915159,415.09511375057974,322.4654293486358,1.0,-53.0,-264.0,1
fcc1cb49-7980-574c-8465-3e978e3186b9,8f6698a0-aa29-46f1-8012-d75a95262f28,Left,person,867,881,86.7,88.1,15,1.3999999999999915,29.6800079569088,54.405882034941776,415.5201113967231,608.9034215413485,528.1725570303705,0.5333333333333333,48.0,-59.0,1
b784f78e-4e9d-56b1-9f1c-9a2573a5d81f,8f6698a0-aa29-46f1-8012-d75a95262f28,Left,person,886,888,88.6,88.8,5,0.20000000000000284,71.02936299980827,190.68298298484845,284.1174519992331,418.7335192142811,230.18916304042205,1.0,21.0,255.0,1
168dc3a0-320c-5e9d-b35c-2f38f6fed2c6,8f6698a0-aa29-46f1-8012-d75a95262f28,Left,person,999,1009,99.9,100.9,14,1.0,118.16079413801013,761.864161120603,1536.0903237941318,253.91866605425614,167.95107174412433,0.9285714285714286,884.0,129.0,0
e3e3a9a4-a1bb-5a56-8175-5688774766b8,8f6698a0-aa29-46f1-8012-d75a95262f28,Left,person,1081,1088,108.1,108.8,8,0.7000000000000028,101.47704181159861,181.06904760339356,710.3392926811903,235.1470890527645,194.256595769616,1.0,-111.0,28.0,1
d426399c-613b-5287-bf70-2a7c71dc0e2c,8f6698a0-aa29-46f1-8012-d75a95262f28,Left,person,1104,1115,110.4,111.5,24,1.0999999999999943,68.22519185249583,862.1165814436004,1569.1794126074037,401.58169633629285,125.01724880991422,0.9583333333333334,-989.0,-358.0,0
fa8831a6-1645-5380-9081-88f4a9312b43,8f6698a0-aa29-46f1-8012-d75a95262f28,Left,person,1120,1122,112.0,112.2,4,0.20000000000000284,276.17236648715806,782.4736417285889,828.5170994614742,438.17357920040666,337.914282770054,0.75,827.0,50.0,0
eca94f5b-aac3-5c8a-8f9c-5985cea49515,8f6698a0-aa29-46f1-8012-d75a95262f28,Left,person,1161,1166,116.1,116.6,5,0.5,16.41879797390778,30.870698080866262,65.67519189563112,331.89202040837955,260.20203238301195,0.8,18.0,39.0,1
514b9601-f0c5-58df-b88d-db5d421e0266,8f6698a0-aa29-46f1-8012-d75a95262f28,Left,person,1194,1229,119.4,122.9,38,3.5,50.76177035715577,287.81417616232875,1878.1855032147635,284.2171772133898,173.78722622793657,0.868421052631579,294.0,460.0,0
90abeed8-15f4-5834-abc6-593c1dcd2ac2,8f6698a0-aa29-46f1-8012-d75a95262f28,Left,person,1244,1262,124.4,126.2,41,1.7999999999999972,17.195304102089576,102.9271587094485,687.8121640835831,438.2371045203108,246.10770000144245,0.9024390243902439,16.0,-291.0,1
05958de0-9997-5976-9db1-8d5dfb823df2,8f6698a0-aa29-46f1-8012-d75a95262f28,Left,person,1270,1294,127.0,129.4,32,2.4000000000000057,33.55533132451629,112.72089424769483,1040.2152710600049,435.00491303675756,251.35994174191717,0.8125,-89.0,-104.0,1
ac18cc89-4651-575c-b738-53b442c7bf81,8f6698a0-aa29-46f1-8012-d75a95262f28,Left,person,1334,1356,133.4,135.6,23,2.1999999999999886,64.86858422151766,175.93180496999398,1427.108852873389,204.63840844965955,81.29614074481027,1.0,-74.0,17.0,0
0fd9f517-d75a-595b-89f6-ec068d3b9668,8f6698a0-aa29-46f1-8012-d75a95262f28,Left,person,1403,1416,140.3,141.6,26,1.299999999999983,140.8624989948114,1464.5961900810748,3521.562474870285,456.8333938059484,327.0892999721177,0.23076923076923078,368.0,48.0,0
507dba2e-ecff-5a14-b1df-bdc8f26650e7,8f6698a0-aa29-46f1-8012-d75a95262f28,Left,person,1474,1478,147.4,147.8,5,0.4000000000000057,152.9889685107073,231.03679360655957,611.9558740428292,390.547066830129,264.7850838415941,0.8,599.0,40.0,1
92395102-7de9-5a40-87d2-2412354edcde,8f6698a0-aa29-46f1-8012-d75a95262f28,Left,person,1502,1513,150.2,151.3,12,1.1000000000000227,45.20346566412905,121.33424908079334,497.23812230541944,380.9398299694489,290.67303366497555,0.6666666666666666,189.0,10.0,1
1f599e46-c23a-5c75-837f-99e4c6a26133,8f6698a0-aa29-46f1-8012-d75a95262f28,Left,person,1516,1519,151.6,151.9,5,0.30000000000001137,144.00648322808195,482.02593291232785,576.0259329123278,352.051333294364,139.98660650219364,1.0,-482.0,-89.0,0
3fb0820a-869f-596e-85d8-864ec1d01e1b,8f6698a0-aa29-46f1-8012-d75a95262f28,Left,person,1528,1549,152.8,154.9,23,2.0999999999999943,96.97608849779877,274.76535443901946,2133.473946951573,204.4487605209038,106.61943127310332,1.0,-249.0,192.0,0
4eb3deb5-5143-56c9-9e44-94370b746b4b,8f6698a0-aa29-46f1-8012-d75a95262f28,Left,person,1584,1586,158.4,158.6,3,0.19999999999998863,129.21255089498624,163.88410539158457,258.4251017899725,319.6126748981067,280.83865057404404,1.0,250.0,-54.0,1
576bef2e-e417-55e3-a59f-0f761822c069,8f6698a0-aa29-46f1-8012-d75a95262f28,Left,person,1612,1623,161.2,162.3,12,1.1000000000000227,93.83973357590867,245.12241839538055,1032.2370693349953,254.2105040169732,78.73276100995062,1.0,-82.0,-66.0,1
f7b05323-c974-5a65-9064-d335587c8973,8f6698a0-aa29-46f1-8012-d75a95262f28,Left,person,1644,1656,164.4,165.6,11,1.1999999999999886,55.749491923638196,98.04590761474952,557.494919236382,263.28432979854796,221.96551850737987,1.0,-39.0,186.0,1
cc491e81-cee6-5acd-9240-070bac49ee01,8f6698a0-aa29-46f1-8012-d75a95262f28,Left,person,1940,1944,194.0,194.4,5,0.4000000000000057,35.168337819950096,58.249463516842795,140.67335127980039,584.2574710932878,538.5629170533374,0.8,126.0,-17.0,1
576637c5-cdae-59bd-95a5-a006ca9c6a17,8f6698a0-aa29-46f1-8012-d75a95262f28,Left,person,2017,2024,201.7,202.4,11,0.700000000000017,54.75633568568405,138.27870407260838,547.5633568568405,562.5457626817549,491.1232024655321,0.7272727272727273,382.0,-243.0,1
07b5fbe9-0d2e-5864-99d3-8810985c1619,8f6698a0-aa29-46f1-8012-d75a95262f28,Left,person,2164,2194,216.4,219.4,31,3.0,10.537547413387077,20.615528128088304,316.12642240161233,231.9594098716092,204.7650425640324,1.0,50.0,-27.0,1
c2a3153d-f926-593b-b7ab-e859fc0c7780,8f6698a0-aa29-46f1-8012-d75a95262f28,Left,person,2348,2358,234.8,235.8,11,1.0,39.22800075705154,159.0125781188394,392.28000757051535,287.0346716877189,265.9644008133419,0.8181818181818182,-165.0,323.0,1
965528bb-c5d8-531b-b98f-2370cb37f96d,8f6698a0-aa29-46f1-8012-d75a95262f28,Right,person,483,488,48.3,48.8,5,0.5,169.95121206099043,355.92414922283655,679.8048482439617,406.62354709307016,281.4321632294362,1.0,-350.0,501.0,1
149a736d-0784-5a8c-92d9-d68b9ef83ca5,8f6698a0-aa29-46f1-8012-d75a95262f28,Right,person,583,616,58.3,61.6,35,3.3000000000000043,50.136237276498,389.24028568481964,1704.6320674009323,87.71674956084217,5.724126570927655,0.9714285714285714,-131.0,-151.0,0
27c8a90b-11d9-550a-849a-700626243d13,8f6698a0-aa29-46f1-8012-d75a95262f28,Right,person,648,654,64.8,65.4,7,0.6000000000000085,120.57371296894257,197.57024067404484,723.4422778136554,313.94058667308894,284.4867362901125,1.0,-53.0,32.0,1
8ac63c41-befa-55f3-be77-5e62d6675ea4,8f6698a0-aa29-46f1-8012-d75a95262f28,Right,person,690,696,69.0,69.6,7,0.5999999999999943,159.52938755507682,227.0,957.1763253304609,415.7668502065468,272.5030103044735,0.5714285714285714,-176.0,141.0,1
175ed593-018f-5070-a9a2-fc48daeabdd1,8f6698a0-aa29-46f1-8012-d75a95262f28,Right,person,719,721,71.9,72.1,3,0.19999999999998863,36.0,68.0,72.0,275.1780563727311,257.25328745469903,0.6666666666666666,0.0,-72.0,1
330f815f-2e82-50bb-b04d-f05ee105e0bd,8f6698a0-aa29-46f1-8012-d75a95262f28,Right,person,760,763,76.0,76.3,5,0.29999999999999716,11.650581316760658,31.0,46.60232526704263,687.1321213768629,290.405434532913,0.6,-29.0,7.0,1
ba179185-b55b-5570-be4f-fc5fcd84bef4,8f6698a0-aa29-46f1-8012-d75a95262f28,Right,person,802,805,80.2,80.5,6,0.29999999999999716,14.829249637604509,57.0,74.14624818802254,393.33738156113213,254.62386474955562,1.0,68.0,8.0,1
8d4a0cc7-e2a0-5c37-ac86-544b16886284,8f6698a0-aa29-46f1-8012-d75a95262f28,Right,person,815,856,81.5,85.6,52,4.099999999999994,5.476004668221878,19.0,279.2762380793159,249.06182908638192,231.76712450216058,0.8076923076923077,86.0,29.0,1
f9bebc17-7ace-5846-b711-fa34b0378bc7,8f6698a0-aa29-46f1-8012-d75a95262f28,Right,person,866,882,86.6,88.2,28,1.6000000000000085,9.666666666666666,31.0,261.0,481.7103442828983,270.4599092287062,0.9285714285714286,-29.0,0.0,1
268ba654-ee3c-5a57-ac3b-7d440730d8f6,8f6698a0-aa29-46f1-8012-d75a95262f28,Right,person,1105,1109,110.5,110.9,9,0.4000000000000057,19.81570386567264,74.00675644831355,158.5256309253811,213.6615108022416,120.93186356374403,0.8888888888888888,100.0,-10.0,1
ce5f7016-8cb6-535c-bc03-1a851c83ae74,8f6698a0-aa29-46f1-8012-d75a95262f28,Right,person,1138,1165,113.8,116.5,27,2.700000000000003,49.37613218471948,144.30869689661813,1283.7794368027066,236.30769816723864,100.73673920174308,0.8888888888888888,-43.0,182.0,0
d0841332-225e-5deb-bc0f-dcca226bddce,8f6698a0-aa29-46f1-8012-d75a95262f28,Right,person,1234,1246,123.4,124.6,14,1.1999999999999886,64.0171605191679,165.05150711217394,832.2230867491829,315.75564732969616,140.8891962678473,0.5,-142.0,-180.0,1
d82e54c9-3ccb-5f4d-940f-7f5d35cc0288,8f6698a0-aa29-46f1-8012-d75a95262f28,Right,person,1262,1276,126.2,127.6,19,1.3999999999999915,28.826180581098484,105.0,518.8712504597727,322.1050850948317,288.55816138172213,0.2631578947368421,-14.0,-238.0,1
a4c95b91-0f49-5894-bd6e-0a26abb1cd2c,8f6698a0-aa29-46f1-8012-d75a95262f28,Right,person,1280,1302,128.0,130.2,27,2.1999999999999886,24.275224945158296,82.0,631.1558485741157,322.4326969609202,277.95685928755205,0.18518518518518517,0.0,194.0,1
6431e255-7412-5113-a232-51b1dce133ef,8f6698a0-aa29-46f1-8012-d75a95262f28,Right,person,1337,1352,133.7,135.2,16,1.5,63.93333333333333,178.0,959.0,265.0017719819782,188.87645805194992,0.0,0.0,-267.0,1
026ebeb0-7b2f-5197-ae63-c81aa0527001,8f6698a0-aa29-46f1-8012-d75a95262f28,Right,person,1357,1359,135.7,135.9,3,0.20000000000001705,98.3000880281008,113.6001760562016,196.6001760562016,339.8710848795301,296.3270535341821,0.3333333333333333,-31.0,101.0,1
f3ba2a8e-fbb0-56d9-a7cb-01cbfa1fdf53,8f6698a0-aa29-46f1-8012-d75a95262f28,Right,person,1569,1578,156.9,157.8,11,0.9000000000000057,54.40547606436921,140.1606221447379,544.0547606436921,381.1513948915441,306.4177346776782,0.8181818181818182,-49.0,146.0,1
cc212746-d3b6-57bb-a05f-dd76a522e2e6,8f6698a0-aa29-46f1-8012-d75a95262f28,Right,person,1657,1665,165.7,166.5,9,0.8000000000000114,42.435018462504544,68.18357573492314,339.48014770003635,451.1015814950147,381.0828527039757,0.3333333333333333,0.0,-65.0,1
3158c945-c89f-547e-a856-d6908ea40fac,8f6698a0-aa29-46f1-8012-d75a95262f28,Right,person,1690,1837,169.0,183.7,147,14.699999999999989,12.29766397455962,85.44003745317531,1795.458940285705,559.3226459579755,523.5583181461259,1.0,64.0,-173.0,0
8fdd56ab-2b24-5d67-a1ee-813a06c8e426,8f6698a0-aa29-46f1-8012-d75a95262f28,Right,person,1894,1923,189.4,192.3,30,2.9000000000000057,34.09459079017312,105.62196741208714,988.7431329150206,352.2366950994528,203.7287182137069,0.6333333333333333,102.0,229.0,1
3014e150-5751-5b39-897a-109e27a18217,8f6698a0-aa29-46f1-8012-d75a95262f28,Right,person,1934,1967,193.4,196.7,35,3.299999999999983,53.681168801262764,152.46311029229332,1825.1597392429344,292.9775385147461,145.96280562184327,0.9428571428571428,321.0,3.0,0
40621a9b-b962-518d-913b-cc452f2be671,8f6698a0-aa29-46f1-8012-d75a95262f28,Right,person,1983,1989,198.3,198.9,7,0.5999999999999943,65.79127065336591,101.95096860746347,394.74762392019545,134.46678575933586,45.82371111117038,1.0,-136.0,-274.0,1
91f7a537-95bd-55e8-843f-31285c1c8cb6,8f6698a0-aa29-46f1-8012-d75a95262f28,Right,person,2012,2016,201.2,201.6,5,0.4000000000000057,31.75,52.0,127.0,292.081924395817,276.2508201345292,0.0,0.0,67.0,1
5246ed8f-fa83-5368-9dc4-ffb37d1dd667,8f6698a0-aa29-46f1-8012-d75a95262f28,Right,person,2150,2165,215.0,216.5,15,1.5,9.456797123232224,27.65863337187866,132.39515972525115,244.41488201516722,228.66747145145067,1.0,72.0,-26.0,1
93b40003-9818-5d6c-8b4b-bf27d4021a42,73601b90-308e-4071-b1a3-47cedd7612ae,Left,person,6,7,0.6,0.7,3,0.09999999999999998,16.00781059358212,32.01562118716424,32.01562118716424,213.54686628718525,159.76936502346123,1.0,25.0,20.0,1
0c10d88d-14d1-508f-b0fc-e9af9327cf09,73601b90-308e-4071-b1a3-47cedd7612ae,Left,person,27,45,2.7,4.5,18,1.7999999999999998,74.97856233779072,377.83197323678155,1274.6355597424422,357.3416643560557,211.10794040016592,1.0,459.0,-227.0,0
c49c6451-0aa4-5ee7-b4bd-689e258ad263,73601b90-308e-4071-b1a3-47cedd7612ae,Left,person,64,74,6.4,7.4,11,1.0,16.788276956662205,48.010415536631214,167.88276956662204,377.00035152314103,189.45794388201304,1.0,-110.0,-60.0,1
75a2e5e0-d322-58b2-9f98-6e4d515254a1,73601b90-308e-4071-b1a3-47cedd7612ae,Left,person,81,87,8.1,8.7,5,0.5999999999999996,23.065816215624338,44.598206241955516,92.26326486249735,427.92916525261427,397.1801582720365,1.0,-25.0,-18.0,1
93df95d0-40bc-52b9-8d9e-5c54a391099b,73601b90-308e-4071-b1a3-47cedd7612ae,Left,person,145,150,14.5,15.0,6,0.5,67.9602109796844,138.70832707519762,339.801054898422,240.93524256642002,80.85210263190439,1.0,-325.0,49.0,1
c428f84b-ff27-5541-8e6c-dda92685aa98,73601b90-308e-4071-b1a3-47cedd7612ae,Left,person,187,190,18.7,19.0,3,0.3000000000000007,53.3441103624614,105.6882207249228,106.6882207249228,335.5937956512947,305.8742848377418,1.0,-38.0,99.0,1
d691f3ed-cf52-582d-9b9a-162bb800b233,73601b90-308e-4071-b1a3-47cedd7612ae,Left,person,209,212,20.9,21.2,5,0.3000000000000007,75.93772759043779,203.147729497526,303.75091036175115,338.88865053847167,315.67601691647405,1.0,76.0,230.0,1
ba97ae2f-813a-5d14-96b0-0e7737345b74,73601b90-308e-4071-b1a3-47cedd7612ae,Left,person,222,238,22.2,23.8,14,1.6000000000000014,63.53780543610407,275.9601420495358,825.9914706693529,256.3023387955826,125.12350148952834,1.0,194.0,-90.0,1
4089850c-c2e5-558e-9fbe-cb446d7793d9,73601b90-308e-4071-b1a3-47cedd7612ae,Left,person,355,357,35.5,35.7,3,0.20000000000000284,18.609434555478106,27.784887978899608,37.21886911095621,562.9468708047419,548.1505267716159,1.0,-22.0,19.0,1
930fc2b2-f671-56df-8845-831dc45cb8e2,73601b90-308e-4071-b1a3-47cedd7612ae,Left,person,364,370,36.4,37.0,12,0.6000000000000014,15.21054458005841,74.43117626371358,167.31599038064252,271.3146697854318,237.9890031598099,1.0,-103.0,-2.0,1
532c0e59-5fc7-5ab2-9518-7c69af7acd08,73601b90-308e-4071-b1a3-47cedd7612ae,Left,person,376,379,37.6,37.9,3,0.29999999999999716,81.56814125220433,135.35139452550905,163.13628250440865,68.79479546316473,30.612752653101943,1.0,-90.0,88.0,1
1e0eeb70-c295-57a3-aef2-382abdb94c0d,73601b90-308e-4071-b1a3-47cedd7612ae,Left,person,452,457,45.2,45.7,6,0.5,118.89798021062688,292.6567955814455,594.4899010531344,399.83030463918453,87.88131200659217,1.0,159.0,96.0,1
bab3b91f-c480-50c3-98d0-9b83430d2dd8,73601b90-308e-4071-b1a3-47cedd7612ae,Left,person,547,555,54.7,55.5,9,0.7999999999999972,27.58229747196856,45.044422518220834,220.65837977574847,202.70023379567567,58.07659274613138,1.0,29.0,-177.0,1
359cd7f8-e44e-5785-ac8b-9ce85fcf561c,73601b90-308e-4071-b1a3-47cedd7612ae,Left,person,633,646,63.3,64.6,17,1.2999999999999972,133.60851858893454,382.8380858796575,2137.736297422953,270.2017623072019,50.31028721842085,1.0,-435.0,564.0,0
ec1c5dcf-72e1-51c5-b0de-4beee9d41426,73601b90-308e-4071-b1a3-47cedd7612ae,Left,person,691,696,69.1,69.6,6,0.5,27.393057604141063,39.6232255123179,136.96528802070532,394.93966104458815,378.6357088284199,1.0,-26.0,1.0,1
042a0e8c-8cd0-5409-928c-cc8fd362c378,73601b90-308e-4071-b1a3-47cedd7612ae,Left,person,733,734,73.3,73.4,3,0.10000000000000853,29.71952220342716,59.43904440685432,59.43904440685432,287.60178680684356,249.55272488995186,1.0,-58.0,-13.0,1
b82e7e23-6b26-516f-84a9-a994bdb8f1e5,73601b90-308e-4071-b1a3-47cedd7612ae,Left,person,801,807,80.1,80.7,7,0.6000000000000085,46.60590775594445,148.66068747318505,279.6354465356667,416.8710570473739,154.90985281769522,1.0,-151.0,-31.0,1
4baca67c-049b-55a0-9037-43149eff0229,73601b90-308e-4071-b1a3-47cedd7612ae,Left,person,858,860,85.8,86.0,3,0.20000000000000284,24.541594578792296,25.0,49.08318915758459,205.0915075664146,177.86827991522267,1.0,42.0,-23.0,1
e55b4f76-fc13-5f59-a02f-12882aab50db,73601b90-308e-4071-b1a3-47cedd7612ae,Left,person,908,911,90.8,91.1,4,0.29999999999999716,15.045846237599541,26.476404589747453,45.13753871279862,521.19786690155,512.9459188111355,1.0,-34.0,-13.0,1
152d62ec-efd8-5ae6-b324-d93b4301181c,73601b90-308e-4071-b1a3-47cedd7612ae,Left,person,1093,1104,109.3,110.4,11,1.1000000000000085,37.67676539303132,127.3459854098275,376.7676539303132,392.2165626695838,41.36310251903259,1.0,-50.0,-93.0,1
c8d9ddc6-6f5c-5a93-a480-3b50a2639272,73601b90-308e-4071-b1a3-47cedd7612ae,Left,person,1145,1150,114.5,115.0,5,0.5,33.541902145610436,71.8679344353238,134.16760858244174,205.08030477336624,173.26316688782993,1.0,-86.0,76.0,1
de9553c9-1384-5155-b1ba-77d670afa6a1,73601b90-308e-4071-b1a3-47cedd7612ae,Left,person,1153,1159,115.3,115.9,6,0.6000000000000085,15.323121319290053,34.92849839314596,76.61560659645026,107.18838127231395,73.6147064111513,1.0,2.0,6.0,1
4fea74a9-6ca1-59db-8037-1f7cffdc4d9c,73601b90-308e-4071-b1a3-47cedd7612ae,Left,person,1170,1190,117.0,119.0,21,2.0,44.9578374218125,198.45654436173174,899.1567484362498,73.99069519400136,15.930635776703955,1.0,-34.0,-175.0,1
5f019c83-3a05-5a03-9de1-11daff4494d0,73601b90-308e-4071-b1a3-47cedd7612ae,Left,person,1230,1233,123.0,123.3,5,0.29999999999999716,302.3634000507708,621.7370826965366,1209.4536002030832,388.30757291746215,300.66093860027775,1.0,-427.0,20.0,0
7da56da1-94a4-5249-808d-4fed0980c0e8,73601b90-308e-4071-b1a3-47cedd7612ae,Left,person,1236,1238,123.6,123.8,3,0.20000000000000284,20.266393718599794,21.93171219946131,40.53278743719959,149.6391639977567,111.12408604798512,1.0,35.0,20.0,1
2d5a4392-839e-57dd-b22f-997fd068b84b,73601b90-308e-4071-b1a3-47cedd7612ae,Left,person,1245,1267,124.5,126.7,24,2.200000000000003,69.94453859521296,408.5119337302155,1608.724387689898,170.10600541117356,113.81179640090038,1.0,-405.0,-52.0,0
4d62e6d9-9f15-5706-b026-10a543742e8b,73601b90-308e-4071-b1a3-47cedd7612ae,Left,person,1322,1335,132.2,133.5,13,1.3000000000000114,125.65814478185752,450.7948535642349,1507.8977373822902,208.67134286890288,47.608428875567824,1.0,285.0,172.0,0
828f638d-8f2d-5adc-80c1-dc3e96939a45,73601b90-308e-4071-b1a3-47cedd7612ae,Left,person,1340,1341,134.0,134.1,3,0.09999999999999432,22.20360331117452,44.40720662234904,44.40720662234904,115.96177662564548,96.57251161691923,1.0,-26.0,36.0,1
4a466e8e-16aa-54d4-a33c-1a6b05e5e495,73601b90-308e-4071-b1a3-47cedd7612ae,Left,person,1386,1388,138.6,138.8,4,0.20000000000001705,3.903240042490421,6.324555320336759,11.709720127471263,290.2924483261773,287.8949732541366,1.0,-8.0,-7.0,1
cb0fa426-2e26-55fd-be27-6cbc9ed69b9a,73601b90-308e-4071-b1a3-47cedd7612ae,Left,person,1400,1403,140.0,140.3,4,0.30000000000001137,6.641066987817254,11.661903789690601,19.923200963451762,409.8914211082438,359.633255032123,1.0,-18.0,6.0,1
609c65a4-c6af-57d9-a6ed-1f2f2d676205,73601b90-308e-4071-b1a3-47cedd7612ae,Left,person,1483,1494,148.3,149.4,13,1.0999999999999943,29.98190154395326,167.80047675736802,359.7828185274391,194.12846617457734,154.8664747451817,1.0,-113.0,103.0,1
35f754e6-3bbb-5487-ac36-8d2dd05140bd,73601b90-308e-4071-b1a3-47cedd7612ae,Left,person,1506,1521,150.6,152.1,18,1.5,90.1081984358616,483.1035085776132,1531.8393734096474,339.5456551433695,77.41671432093976,1.0,-356.0,-143.0,0
dd7e4310-30f8-5859-af59-2f5c13b2f51b,73601b90-308e-4071-b1a3-47cedd7612ae,Left,person,1535,1542,153.5,154.2,7,0.6999999999999886,7.737954565660103,13.892443989449804,46.427727393960616,164.1389704215583,132.76694807067005,1.0,8.0,-30.0,1
94026a66-362f-56db-8ebd-0497e25c6267,73601b90-308e-4071-b1a3-47cedd7612ae,Left,person,1772,1774,177.2,177.4,3,0.20000000000001705,198.81712702883522,397.63425405767043,397.63425405767043,363.1477280504432,108.99500060209184,1.0,-87.0,388.0,0
4528b788-18aa-5a6d-9c34-215484e42943,73601b90-308e-4071-b1a3-47cedd7612ae,Left,person,1781,1786,178.1,178.6,6,0.5,16.7109631188819,32.0624390837628,83.5548155944095,622.9852262392898,549.024831519486,1.0,-25.0,14.0,1
3d1e2450-6daf-51e0-bfab-9a434948d671,73601b90-308e-4071-b1a3-47cedd7612ae,Left,person,1789,1791,178.9,179.1,3,0.19999999999998863,17.41547594742265,29.0,34.8309518948453,513.4262401463667,466.309178550026,1.0,3.0,34.0,1
36e2f242-527e-5bd4-8d32-b5c84c6f1ce6,73601b90-308e-4071-b1a3-47cedd7612ae,Left,person,1806,1828,180.6,182.8,32,2.200000000000017,10.123759829734066,40.44749683231337,313.8365547217561,657.5776534477577,610.7999141750513,1.0,-27.0,-103.0,1
ded3e913-038d-54f8-8783-9e2216567080,73601b90-308e-4071-b1a3-47cedd7612ae,Left,person,1836,1839,183.6,183.9,4,0.30000000000001137,71.03870062573405,196.08671551127577,213.11610187720217,577.2468686194395,480.4367316567292,1.0,-78.0,196.0,1
a5b070ce-d976-5f2a-a915-2d42fa9e2df7,73601b90-308e-4071-b1a3-47cedd7612ae,Left,person,1854,1863,185.4,186.3,11,0.9000000000000057,63.38871359204084,293.7839342101606,633.8871359204084,203.95284585487516,133.94827593142062,1.0,20.0,-19.0,1
6776cf90-c290-5ea3-a2d4-dacd2b5fff82,73601b90-308e-4071-b1a3-47cedd7612ae,Left,person,1912,1914,191.2,191.4,3,0.20000000000001705,24.66815470259447,37.33630940518894,49.33630940518894,550.5636528883538,530.677842627945,0.6666666666666666,13.0,-47.0,1
a2ae70d4-aaee-57f0-81ae-c97961601c25,73601b90-308e-4071-b1a3-47cedd7612ae,Left,person,1922,1925,192.2,192.5,7,0.30000000000001137,70.54885128417378,376.9681684174408,423.29310770504264,618.6960109761578,368.83698656215324,1.0,-106.0,383.0,1
db06e4bd-dfe7-5839-b6b4-e85f748c6065,73601b90-308e-4071-b1a3-47cedd7612ae,Left,person,1953,1966,195.3,196.6,14,1.299999999999983,155.68727688209023,542.7052607078726,2023.934599467173,352.8564616615528,241.0254135978196,1.0,-114.0,84.0,0
2f920aca-862b-54cb-8a8d-d2909d2f7b68,73601b90-308e-4071-b1a3-47cedd7612ae,Left,person,1969,1972,196.9,197.2,5,0.29999999999998295,40.866106439839626,82.15229759416349,163.4644257593585,325.7781587331415,243.08768993924807,1.0,-48.0,32.0,1
11971049-fa5a-537d-af45-3e4dea9ef9b4,73601b90-308e-4071-b1a3-47cedd7612ae,Left,person,1975,1981,197.5,198.1,6,0.5999999999999943,39.31511127822452,59.21148537234985,196.5755563911226,552.6339758628565,430.48635286150477,1.0,124.0,-58.0,1
de768235-d740-5f8e-950d-c25a9cd03197,73601b90-308e-4071-b1a3-47cedd7612ae,Left,person,1994,2004,199.4,200.4,9,1.0,137.25366963742871,422.6700841081611,1098.0293570994297,280.28536458085676,79.8173696635012,1.0,28.0,403.0,0
f847e4fb-22ff-5c82-836e-7e6ef02edbe1,73601b90-308e-4071-b1a3-47cedd7612ae,Left,person,2010,2012,201.0,201.2,3,0.19999999999998863,28.888842304389012,45.69463863518345,57.777684608778024,346.5967257896628,317.17915013640163,1.0,47.0,29.0,1
8ab670e0-cbcd-5469-8747-99cd340f9e0c,73601b90-308e-4071-b1a3-47cedd7612ae,Left,person,2069,2078,206.9,207.8,9,0.9000000000000057,26.71430355352141,120.80149005703531,213.7144284281713,445.09964597902064,369.7080774070266,1.0,65.0,127.0,1
1e463e63-f599-5969-b470-34de744a3cbd,73601b90-308e-4071-b1a3-47cedd7612ae,Left,person,2092,2094,209.2,209.4,3,0.20000000000001705,58.6178626167164,72.2357252334328,117.2357252334328,301.89643442039977,258.7204089359786,1.0,27.0,112.0,1
fb2f460c-2956-5ba5-9e0a-c94ff544c017,73601b90-308e-4071-b1a3-47cedd7612ae,Left,person,2097,2100,209.7,210.0,3,0.30000000000001137,192.7870867390656,237.81084920583416,385.5741734781312,371.2298998327619,211.4172414917951,1.0,372.0,-62.0,1
fd6ae990-4996-5c18-aaeb-1df217feea7a,73601b90-308e-4071-b1a3-47cedd7612ae,Left,person,2124,2126,212.4,212.6,3,0.19999999999998863,46.69927529018692,64.53681120105021,93.39855058037384,105.95786188860207,76.25231169651514,1.0,-91.0,-21.0,1
2d086385-678a-5b80-af94-dda3099ec7e9,73601b90-308e-4071-b1a3-47cedd7612ae,Left,person,2136,2138,213.6,213.8,4,0.20000000000001705,55.2610774343484,155.0129026887762,165.7832323030452,261.6046224788505,205.6000459782293,1.0,2.0,-165.0,1
8664c8cb-2570-5409-938f-0843593a1ba5,73601b90-308e-4071-b1a3-47cedd7612ae,Left,person,2154,2156,215.4,215.6,5,0.19999999999998863,7.56119687145717,16.64331697709324,30.24478748582868,231.30174171004427,226.34039112860523,1.0,-13.0,-27.0,1
eb7575d8-88db-54d4-aae6-6b71c28ecccc,73601b90-308e-4071-b1a3-47cedd7612ae,Left,person,2160,2162,216.0,216.2,5,0.19999999999998863,14.493888826831192,34.438350715445125,57.97555530732477,262.27705990498947,169.5737302768327,1.0,-54.0,10.0,1
16c4ffba-e81d-518a-b81c-36e8a2cdaefe,73601b90-308e-4071-b1a3-47cedd7612ae,Left,person,2165,2167,216.5,216.7,3,0.19999999999998863,17.86870706495705,22.135943621178654,35.7374141299141,304.95968566228674,265.2676125161155,1.0,1.0,-32.0,1
c7483ef3-f49b-57ed-8da8-1d9fe3282ab6,73601b90-308e-4071-b1a3-47cedd7612ae,Left,person,2173,2180,217.3,218.0,7,0.6999999999999886,80.39831196681799,366.824208579532,482.3898718009079,178.55018832385812,28.050804912693682,1.0,403.0,-219.0,1
1893459c-3bd7-555c-bc99-55641b1b0bbc,73601b90-308e-4071-b1a3-47cedd7612ae,Left,person,2194,2200,219.4,220.0,10,0.5999999999999943,68.83301207112922,466.7718928984478,619.4971086401628,298.98111359367726,262.9087591256708,1.0,482.0,-143.0,1
78d74d63-bc8c-5899-9e67-010ba45944f1,73601b90-308e-4071-b1a3-47cedd7612ae,Left,person,2206,2210,220.6,221.0,4,0.4000000000000057,181.29666876150463,465.6951792750275,543.8900062845139,243.14606520779324,168.6034548874963,1.0,416.0,-201.0,0
5ccd4a69-1526-53b3-84e7-9f88b56ff215,73601b90-308e-4071-b1a3-47cedd7612ae,Left,person,2220,2231,222.0,223.1,12,1.0999999999999943,82.31393587917424,223.10983842045155,905.4532946709166,177.48528464222477,41.46426360433765,1.0,299.0,70.0,1
6499cb54-42f2-56e2-a6e8-b3ae7115eacd,73601b90-308e-4071-b1a3-47cedd7612ae,Left,person,2235,2238,223.5,223.8,3,0.30000000000001137,167.52710499258555,290.0431002454635,335.0542099851711,107.7650626722966,42.76169430693784,1.0,245.0,4.0,1
d253ac22-baba-5ac5-8128-40b616a511e0,73601b90-308e-4071-b1a3-47cedd7612ae,Left,person,2259,2279,225.9,227.9,24,2.0,97.23945927605043,536.1380419257712,2236.5075633491597,482.073740908414,137.47775743393,1.0,-182.0,-97.0,0
c5dcace7-8190-5ac1-af9b-3667ca6a37ac,73601b90-308e-4071-b1a3-47cedd7612ae,Left,person,2289,2292,228.9,229.2,3,0.29999999999998295,392.6939569511144,451.21281010184094,785.3879139022288,266.8185781648703,139.5564401953561,1.0,694.0,-364.0,0
9fbf41f8-a61e-5e43-9782-03a7376fd643,73601b90-308e-4071-b1a3-47cedd7612ae,Left,person,2297,2325,229.7,232.5,31,2.8000000000000114,65.8844922002651,377.530131247825,1976.5347660079528,352.8196179316943,31.866481704919984,1.0,80.0,-79.0,0
ae727e47-2aeb-529d-bd5f-a3bf38fe0cc5,73601b90-308e-4071-b1a3-47cedd7612ae,Left,person,2405,2407,240.5,240.7,3,0.19999999999998863,221.4972928057834,280.3016232560918,442.9945856115668,142.66025756883562,43.31930862790864,1.0,-442.0,28.0,0
0150ea8c-15f1-5db8-8713-7bbc6b9389ee,73601b90-308e-4071-b1a3-47cedd7612ae,Right,person,31,38,3.1,3.8,9,0.6999999999999997,42.78429281089308,98.08669634563088,342.2743424871447,726.4724502086215,554.1042884692375,1.0,-125.0,172.0,1
208eb72a-5d94-591c-925e-2e13eedf32a6,73601b90-308e-4071-b1a3-47cedd7612ae,Right,person,54,67,5.4,6.7,22,1.2999999999999998,79.03357921720665,405.744993807687,1659.7051635613395,149.70209457694764,21.25,0.9090909090909091,-45.0,34.0,0
0ce4d76e-1f1c-5924-95ac-d6ce8d7e5a14,73601b90-308e-4071-b1a3-47cedd7612ae,Right,person,75,79,7.5,7.9,12,0.40000000000000036,62.702686773509164,342.9577233421052,689.7295545086008,146.44280589677072,42.365411894610446,1.0,-23.0,-13.0,1
6b74a2d3-4e78-5349-a9d5-309d9898e2ae,73601b90-308e-4071-b1a3-47cedd7612ae,Right,person,83,88,8.3,8.8,12,0.5,6.127949778357365,21.213203435596427,67.40744756193102,201.07067804197425,181.6003940662024,1.0,-47.0,-9.0,1
1b2704fa-db73-522b-8484-ef7ccc96e809,73601b90-308e-4071-b1a3-47cedd7612ae,Right,person,91,93,9.1,9.3,6,0.20000000000000107,6.353945729601885,23.769728648009426,31.769728648009426,117.55452784368451,77.1809524044793,1.0,-6.0,-31.0,1
4b0afe1b-1d69-5232-b17c-a5e1db445897,73601b90-308e-4071-b1a3-47cedd7612ae,Right,person,114,116,11.4,11.6,4,0.1999999999999993,25.92439904947028,41.773197148410844,77.77319714841084,252.1733602546713,181.59105842524295,1.0,-64.0,31.0,1
701c407b-a5e2-53a6-aabf-9e4c246efe43,73601b90-308e-4071-b1a3-47cedd7612ae,Right,person,123,143,12.3,14.3,31,2.0,52.8914034701096,620.7938466189884,1586.7421041032885,179.75542221516147,125.50364163043238,1.0,-78.0,-587.0,0
bf0491f8-aab1-5e52-a62d-fcb648d52fe1,73601b90-308e-4071-b1a3-47cedd7612ae,Right,person,178,197,17.8,19.7,23,1.8999999999999986,128.13166902029883,522.8020657954595,2818.896718446574,446.9746824896886,266.78086747366274,1.0,-199.0,-93.0,0
84a1c959-7c3c-5fc1-a4e1-735b18a960a5,73601b90-308e-4071-b1a3-47cedd7612ae,Right,person,203,208,20.3,20.8,4,0.5,59.43785018509336,134.6291201783626,178.31355055528007,189.58173680262863,154.58209792857645,1.0,83.0,-106.0,1
136069e6-1755-56ab-be42-2fddf021db3f,73601b90-308e-4071-b1a3-47cedd7612ae,Right,person,213,230,21.3,23.0,19,1.6999999999999993,135.35598760700506,676.3024471344163,2436.4077769260916,429.9980759451093,267.68229769635496,0.8947368421052632,98.0,14.0,0
96050df5-1bdc-531f-b844-f16a527b5d3e,73601b90-308e-4071-b1a3-47cedd7612ae,Right,person,256,258,25.6,25.8,4,0.1999999999999993,43.398888439291994,95.67131231461184,130.19666531787598,165.561543140619,151.382173653307,1.0,-106.0,-57.0,1
732c31c1-7c5e-5790-a6fa-a9769e00e478,73601b90-308e-4071-b1a3-47cedd7612ae,Right,person,261,273,26.1,27.3,14,1.1999999999999993,22.085264791661146,61.66036003787198,287.1084422915949,148.877852509609,98.9315232322969,1.0,72.0,154.0,1
ce58028e-5d3a-567b-bb9b-07e835535ef8,73601b90-308e-4071-b1a3-47cedd7612ae,Right,person,277,296,27.7,29.6,24,1.9000000000000021,29.167600166734925,232.12496634356245,670.8548038349032,127.45709497546561,70.44296923087853,1.0,12.0,215.0,1
e8bf197b-dcda-5df7-96ff-4f3a0dcc099f,73601b90-308e-4071-b1a3-47cedd7612ae,Right,person,357,390,35.7,39.0,36,3.299999999999997,115.77470656580115,648.5776746080611,4052.1147298030405,446.5688298323878,54.5005733914791,1.0,134.0,-229.0,0
70e5caae-a26d-5c2d-bb24-e3b5c67653af,73601b90-308e-4071-b1a3-47cedd7612ae,Right,person,465,466,46.5,46.6,3,0.10000000000000142,50.601383380299005,101.20276676059801,101.20276676059801,226.24729516266453,202.5895249636565,1.0,99.0,-21.0,1
c94be96c-ccb0-52c0-86e5-df7a3be22348,73601b90-308e-4071-b1a3-47cedd7612ae,Right,person,492,501,49.2,50.1,11,0.8999999999999986,102.08774405567775,263.0304164920856,1020.8774405567775,275.3396259049382,27.605479528528388,1.0,515.0,-606.0,0
a71ae435-b0ce-514b-98f2-5fe1b2ac6633,73601b90-308e-4071-b1a3-47cedd7612ae,Right,person,508,525,50.8,52.5,20,1.7000000000000028,75.97936669216813,646.9080305576674,1443.6079671511945,289.8008590764402,65.00507792665124,0.95,136.0,193.0,0
ca9424e8-9e62-5b52-aa72-8e15dd635d31,73601b90-308e-4071-b1a3-47cedd7612ae,Right,person,528,533,52.8,53.3,9,0.5,110.61199485213879,527.7736257146619,884.8959588171103,488.6475643677443,90.05588542677263,1.0,401.0,-331.0,0
9b82eeea-cb79-5f3e-b469-4a7babd6475f,73601b90-308e-4071-b1a3-47cedd7612ae,Right,person,538,583,53.8,58.3,64,4.5,141.72176142630255,720.2923017775491,8928.470969857062,255.10785207125593,28.92582107736961,1.0,-155.0,194.0,0
eeb2e53f-57d8-5a9b-b110-00fecf3bd24c,73601b90-308e-4071-b1a3-47cedd7612ae,Right,person,587,593,58.7,59.3,8,0.5999999999999943,146.9004648786641,523.1797014411014,1028.3032541506489,465.8573743602925,337.7369538561038,1.0,75.0,205.0,0
68ee6910-15e2-55b9-885c-4e33b45a5f97,73601b90-308e-4071-b1a3-47cedd7612ae,Right,person,599,603,59.9,60.3,7,0.3999999999999986,63.923771542000964,167.7647161950331,383.5426292520058,371.59952920383483,214.08330190897655,1.0,-178.0,-332.0,1
47da6c9f-2bd9-553f-8028-944530c695b2,73601b90-308e-4071-b1a3-47cedd7612ae,Right,person,618,621,61.8,62.1,7,0.30000000000000426,19.749655397376156,69.58448102845921,118.49793238425694,323.6457771565545,267.72420510667314,1.0,102.0,10.0,1
30c06fe3-1067-5a75-9209-6e7ee9f13042,73601b90-308e-4071-b1a3-47cedd7612ae,Right,person,625,628,62.5,62.8,4,0.29999999999999716,15.739922631209415,23.021728866442675,47.219767893628244,196.0725729600007,128.1963825542671,1.0,3.0,-27.0,1
ecb607bc-f60b-5f98-ae96-f782ebc1792a,73601b90-308e-4071-b1a3-47cedd7612ae,Right,person,638,641,63.8,64.1,5,0.29999999999999716,37.60526443126931,51.92301994298868,150.42105772507725,258.1783464366223,206.2803008045121,1.0,-46.0,128.0,1
7beb2d98-e1c4-56dc-afd0-aa4ebc0728ed,73601b90-308e-4071-b1a3-47cedd7612ae,Right,person,649,650,64.9,65.0,3,0.09999999999999432,103.20004844960103,206.40009689920205,206.40009689920205,97.81308428848774,93.88956278522123,1.0,124.0,-165.0,1
ea172487-4076-5e1b-9319-a3955e8ef59b,73601b90-308e-4071-b1a3-47cedd7612ae,Right,person,670,674,67.0,67.4,4,0.4000000000000057,20.374427905573445,38.948684188300895,61.12328371672034,122.14035280654394,72.79176206824506,1.0,-42.0,-11.0,1
46d3fab1-3fd5-59ba-80d1-ca14baa05890,73601b90-308e-4071-b1a3-47cedd7612ae,Right,person,708,714,70.8,71.4,8,0.6000000000000085,236.10665128286698,637.5366656122611,1652.7465589800688,240.35929481896687,26.676593204530448,1.0,215.0,415.0,0
f8742693-2bf5-5f8a-a0db-5418c9719b32,73601b90-308e-4071-b1a3-47cedd7612ae,Right,person,730,733,73.0,73.3,6,0.29999999999999716,128.9640720943652,556.0035971106662,644.820360471826,210.87360498390333,81.02468759581859,1.0,151.0,489.0,0
c16e0d39-9ec3-5404-8777-a11cc979c917,73601b90-308e-4071-b1a3-47cedd7612ae,Right,person,742,744,74.2,74.4,3,0.20000000000000284,78.74642849044012,157.49285698088025,157.49285698088025,327.36438441928044,296.1731506336285,1.0,-48.0,150.0,1
2402da63-2fbe-5e02-a3c4-62253f101681,73601b90-308e-4071-b1a3-47cedd7612ae,Right,person,788,806,78.8,80.6,15,1.7999999999999972,108.28007254598269,438.95899580712546,1515.9210156437578,314.40810796860944,71.66512837496352,0.8666666666666667,-571.0,-713.0,0
b9514f52-0105-5869-b2a5-54196f8ca18c,73601b90-308e-4071-b1a3-47cedd7612ae,Right,person,862,864,86.2,86.4,3,0.20000000000000284,160.50716544158104,314.0143308831621,321.0143308831621,164.48863565022972,150.911397846551,1.0,237.0,-199.0,1
891cd0c3-cab6-574f-84cd-7ab1879b91fb,73601b90-308e-4071-b1a3-47cedd7612ae,Right,person,923,930,92.3,93.0,6,0.7000000000000028,192.73400958572628,542.1217575416061,963.6700479286314,395.83567528081977,181.74776477305022,1.0,329.0,242.0,0
25164f1f-ec66-5020-b25f-0e8d270c02e8,73601b90-308e-4071-b1a3-47cedd7612ae,Right,person,994,1009,99.4,100.9,24,1.5,132.58750514118182,666.4150358447804,3049.5126182471818,504.0829830179344,227.40946000551517,1.0,-319.0,188.0,0
1df2e475-be4d-5cd0-8a6f-f50525eaf19e,73601b90-308e-4071-b1a3-47cedd7612ae,Right,person,1067,1069,106.7,106.9,3,0.20000000000000284,247.7817799599417,482.4106134819175,495.5635599198834,325.5819903758599,176.9364292620375,1.0,397.0,-294.0,0
e7fc5538-97aa-5881-83a3-1a5a6b27d4e2,73601b90-308e-4071-b1a3-47cedd7612ae,Right,person,1082,1085,108.2,108.5,3,0.29999999999999716,241.11471787888414,342.16516479618434,482.2294357577683,135.47777103642014,124.52032966548073,1.0,406.0,-23.0,0
e8516d38-f186-5300-9118-29e3a1a938ee,73601b90-308e-4071-b1a3-47cedd7612ae,Right,person,1092,1132,109.2,113.2,43,4.0,87.56387864213198,853.3820949609852,3677.6829029695436,227.39797361904215,53.38202529878386,1.0,93.0,-509.0,0
5c347417-4959-5acb-8220-0ef6ca461280,73601b90-308e-4071-b1a3-47cedd7612ae,Right,person,1135,1137,113.5,113.7,3,0.20000000000000284,149.3411900127739,277.2814454665151,298.6823800255478,171.73977605481778,98.74406627742246,1.0,-109.0,232.0,1
3f526840-c939-5052-8626-d3b83d2c8905,73601b90-308e-4071-b1a3-47cedd7612ae,Right,person,1141,1224,114.1,122.4,100,8.300000000000011,82.63611757300376,736.1283855415439,8180.975639727371,208.22425731402447,50.185904395557124,1.0,20.0,-99.0,0
0ca4c732-3e62-5203-bd85-1503a50c0501,73601b90-308e-4071-b1a3-47cedd7612ae,Right,person,1235,1250,123.5,125.0,22,1.5,50.33399360951776,400.8241509689754,1057.013865799873,381.0572653858298,200.50436404228213,1.0,28.0,-84.0,0
8128f081-b951-5a57-8d58-06269088a83f,73601b90-308e-4071-b1a3-47cedd7612ae,Right,person,1253,1261,125.3,126.1,8,0.7999999999999972,153.10787521520805,350.55384750420296,1071.7551265064565,236.48586260809736,160.39502018454314,1.0,-89.0,225.0,0
69040fc0-5955-5c0e-b959-abcfea328539,73601b90-308e-4071-b1a3-47cedd7612ae,Right,person,1264,1267,126.4,126.7,4,0.29999999999999716,33.50505438731386,56.22277118748239,100.51516316194159,278.7285759075615,256.92508635787203,1.0,-10.0,-62.0,1
e18a5814-bb81-510c-8bd9-f8c52056bf27,73601b90-308e-4071-b1a3-47cedd7612ae,Right,person,1295,1312,129.5,131.2,18,1.6999999999999886,42.95693254917279,190.1578291840754,730.2678533359374,196.25113580802494,84.96212391413012,1.0,321.0,20.0,1
d12e9f1c-498d-5338-b5d7-838caa7fe76b,73601b90-308e-4071-b1a3-47cedd7612ae,Right,person,1316,1360,131.6,136.0,53,4.400000000000006,98.71930303756746,764.5554263753544,5133.403757953508,403.03447020019655,145.7737973711325,0.9811320754716981,-616.0,38.0,0
cd90752f-eae2-5fe4-957b-cf597465f2ac,73601b90-308e-4071-b1a3-47cedd7612ae,Right,person,1366,1373,136.6,137.3,11,0.700000000000017,74.2285629098001,457.73900860643283,742.285629098001,505.0224990753882,413.69773083738323,1.0,481.0,51.0,1
2eff8178-c97c-52b2-b24a-b05c17aab9c8,73601b90-308e-4071-b1a3-47cedd7612ae,Right,person,1376,1396,137.6,139.6,18,2.0,115.66600023209858,515.8003489723519,1966.3220039456758,294.05946595942027,130.91982279242512,1.0,583.0,304.0,0
0eb53a5b-99a2-5645-b7c5-a86909a6e39e,73601b90-308e-4071-b1a3-47cedd7612ae,Right,person,1407,1411,140.7,141.1,8,0.4000000000000057,39.09580934581249,122.20065466273084,273.67066542068744,289.3311441073512,116.11997096214759,1.0,-189.0,-9.0,1
ac693438-cc13-5447-bd5b-1981c859feab,73601b90-308e-4071-b1a3-47cedd7612ae,Right,person,1441,1451,144.1,145.1,15,1.0,35.13226543182914,108.4665847162157,491.85171604560793,376.9405601916872,81.89305621510287,0.7333333333333333,243.0,80.0,1
0a226d61-b047-575f-97e0-f70a09ac41db,73601b90-308e-4071-b1a3-47cedd7612ae,Right,person,1454,1469,145.4,146.9,18,1.5,119.33631243148376,542.8683081558547,2028.7173113352244,258.88562158756355,33.75740659470156,1.0,-290.0,256.0,0
d14d2f4a-382b-5e38-bf3f-3c836d53718c,73601b90-308e-4071-b1a3-47cedd7612ae,Right,person,1480,1491,148.0,149.1,13,1.0999999999999943,105.52130325315649,407.3033267725664,1266.255639037878,278.7922326692274,106.0816313034448,1.0,-75.0,106.0,0
2ca4ff69-2eb8-5022-9dbc-0d6fc7a6fdd7,73601b90-308e-4071-b1a3-47cedd7612ae,Right,person,1509,1519,150.9,151.9,12,1.0,87.45293751444713,454.82853912216194,961.9823126589183,189.44965118505465,90.0034721552452,1.0,7.0,26.0,0
091affa4-e0ac-50ec-956b-f29f00e19e13,73601b90-308e-4071-b1a3-47cedd7612ae,Right,person,1522,1523,152.2,152.3,3,0.10000000000002274,1.118033988749895,2.23606797749979,2.23606797749979,227.1126188422029,219.48263029223975,1.0,1.0,2.0,1
6e9d7db5-95e8-5390-af43-48e13ef7909b,73601b90-308e-4071-b1a3-47cedd7612ae,Right,person,1526,1537,152.6,153.7,14,1.0999999999999943,162.3481975161389,714.855230099074,2110.5265677098055,520.3267399641771,117.92290913982745,1.0,338.0,-394.0,0
33f7733a-7413-58df-b44a-7da4b3e25e80,73601b90-308e-4071-b1a3-47cedd7612ae,Right,person,1546,1550,154.6,155.0,5,0.4000000000000057,4.1217082451262845,6.324555320336759,16.486832980505138,289.5549594079036,277.84384665671473,1.0,-5.0,8.0,1
2dd1b60a-d3c8-5c52-acd0-8e9415bbfafd,73601b90-308e-4071-b1a3-47cedd7612ae,Right,person,1554,1570,155.4,157.0,17,1.5999999999999943,94.86439782165324,389.0321323489873,1517.830365146452,398.3944023846393,133.26899489378616,1.0,183.0,105.0,0
7d125b5a-ab5c-58de-94c6-c16e9fd13d6e,73601b90-308e-4071-b1a3-47cedd7612ae,Right,person,1580,1597,158.0,159.7,16,1.6999999999999886,27.008447636857905,152.7939789389621,405.12671455286863,558.2718818696272,391.2135765793411,1.0,-182.0,115.0,1
690458dc-ab17-59ce-8060-e3d35a1d7dc9,73601b90-308e-4071-b1a3-47cedd7612ae,Right,person,1605,1612,160.5,161.2,6,0.6999999999999886,17.26350914527584,35.805027579936315,86.31754572637921,512.9581553411064,418.5555192041433,1.0,10.0,59.0,1
d65f848f-8fc1-56c9-8b84-f003ec9c0bd1,73601b90-308e-4071-b1a3-47cedd7612ae,Right,person,1623,1625,162.3,162.5,3,0.19999999999998863,314.5778917851666,629.1557835703333,629.1557835703333,570.6955189623291,455.8322745264973,1.0,629.0,-14.0,0
8e7529d5-cbf8-59b1-af7a-13ae748af915,73601b90-308e-4071-b1a3-47cedd7612ae,Right,person,1664,1667,166.4,166.7,3,0.29999999999998295,20.831718578684654,40.24922359499622,41.66343715736931,319.31771217994753,303.9762531843565,1.0,-35.0,-17.0,1
2f5e6144-9831-5904-814a-15aaa8955263,73601b90-308e-4071-b1a3-47cedd7612ae,Right,person,1681,1684,168.1,168.4,4,0.30000000000001137,184.90981349256285,280.0303554973996,554.7294404776885,376.56698203031704,293.6504086494688,1.0,538.0,-46.0,1
e07f9981-b822-51d3-9125-d1e772a06a5b,73601b90-308e-4071-b1a3-47cedd7612ae,Right,person,1691,1698,169.1,169.8,8,0.700000000000017,87.69692803560146,226.37358503146962,613.8784962492102,258.26659334521594,135.64458383953263,1.0,-503.0,-116.0,1
bc97eaaa-fec4-5352-98c3-70e8325229a5,73601b90-308e-4071-b1a3-47cedd7612ae,Right,person,1731,1737,173.1,173.7,7,0.5999999999999943,34.17184755496151,78.44743462982075,205.03108532976904,60.81323793917743,15.323592920721955,1.0,161.0,31.0,1
1b89c6ba-33b6-5126-8307-45bea1d5edfd,73601b90-308e-4071-b1a3-47cedd7612ae,Right,person,1782,1811,178.2,181.1,34,2.9000000000000057,69.45254077305984,554.5962495365435,2291.933845510974,205.39680888164298,42.43819034784589,0.9705882352941176,131.0,-395.0,0
dcff4af5-05e5-5958-962a-7a5ac42fb3ae,73601b90-308e-4071-b1a3-47cedd7612ae,Right,person,1814,1828,181.4,182.8,24,1.4000000000000057,16.829559945818307,79.30952023559341,387.07987875382105,390.2348494966106,342.2163971816663,1.0,10.0,-132.0,1
f682a8e7-e77b-57ba-8fc5-731812d72147,73601b90-308e-4071-b1a3-47cedd7612ae,Right,person,1833,1875,183.3,187.5,47,4.199999999999989,132.85197167366206,579.937927712958,6111.190696988454,231.79494279423196,41.47363620422014,1.0,-19.0,643.0,0
382a38db-1e91-5902-981e-9b15f39f871b,73601b90-308e-4071-b1a3-47cedd7612ae,Right,person,1883,1886,188.3,188.6,3,0.29999999999998295,35.62024778038959,40.22437072223753,71.24049556077918,326.06841769884176,303.2541219835272,1.0,2.0,24.0,1
a15848d5-2352-5324-8609-7cae2eee7b6a,73601b90-308e-4071-b1a3-47cedd7612ae,Right,person,1891,1896,189.1,189.6,6,0.5,116.34101333082313,253.73411280314676,581.7050666541156,124.67630592662128,54.46558546458488,1.0,20.0,293.0,1
2c711e3c-5538-5ff6-b994-5251ea8b3950,73601b90-308e-4071-b1a3-47cedd7612ae,Right,person,1901,1902,190.1,190.2,3,0.09999999999999432,3.5,7.0,7.0,67.63466237506067,59.57400859435262,1.0,0.0,-7.0,1
1234c8b1-d1aa-5f09-b99f-b4cab68e0f5e,73601b90-308e-4071-b1a3-47cedd7612ae,Right,person,1916,1921,191.6,192.1,6,0.5,16.716250359943416,37.16180835212409,83.58125179971708,290.9275802711227,255.64281722747464,1.0,17.0,9.0,1
36e82320-e4af-58aa-aa0c-779840453880,73601b90-308e-4071-b1a3-47cedd7612ae,Right,person,1941,1959,194.1,195.9,17,1.8000000000000114,49.95952624975132,194.18032856085088,799.3524199960211,278.94394737079614,131.19076044066517,1.0,101.0,195.0,1
a291c28d-0ef6-52f6-a5fe-f6ff6cc5eff1,73601b90-308e-4071-b1a3-47cedd7612ae,Right,person,1963,1970,196.3,197.0,8,0.6999999999999886,119.02747160273104,378.06084166440723,833.1923012191173,290.15568714693825,139.55845549446298,1.0,-12.0,-52.0,0
24a93f25-7031-52ae-bc13-8ef18facb0d6,73601b90-308e-4071-b1a3-47cedd7612ae,Right,person,1973,1982,197.3,198.2,12,0.8999999999999773,75.5683905184686,536.9543742255947,831.2522957031546,260.20576663501396,37.02664792078808,1.0,298.0,-325.0,0
71aa3fb3-2063-5cab-aa11-769bb181f465,73601b90-308e-4071-b1a3-47cedd7612ae,Right,person,1992,2003,199.2,200.3,12,1.1000000000000227,114.85431458376769,380.4326484412188,1263.3974604214445,230.283409612212,109.80807119697532,1.0,317.0,215.0,0
75edab4f-6d88-52ea-8820-63a067e4a2c5,73601b90-308e-4071-b1a3-47cedd7612ae,Right,person,2010,2023,201.0,202.3,13,1.3000000000000114,89.09487595487242,462.1082124351395,1069.138511458469,393.81176550202093,69.47487180628691,0.9230769230769231,-120.0,-253.0,0
17118934-e59f-595c-9920-9db9f1025c28,73601b90-308e-4071-b1a3-47cedd7612ae,Right,person,2039,2042,203.9,204.2,4,0.29999999999998295,243.03720668742304,630.984151940443,729.1116200622691,407.63627636747754,236.61057140373083,1.0,148.0,634.0,0
80ea8dce-240e-5d13-bcfc-242e59da5e5e,73601b90-308e-4071-b1a3-47cedd7612ae,Right,person,2052,2062,205.2,206.2,11,1.0,102.33799600200203,442.82389276099366,1023.3799600200203,271.644153936312,86.27934283477128,1.0,-769.0,-67.0,0
4ec42cbf-f01f-5e3e-b2d2-38ed91f86d67,73601b90-308e-4071-b1a3-47cedd7612ae,Right,person,2069,2080,206.9,208.0,11,1.0999999999999943,68.08065265663012,398.5272889025292,680.8065265663012,209.8103809522203,121.72627142999985,1.0,212.0,-459.0,1
47310cbd-39a7-53c4-bfec-accd87470f19,73601b90-308e-4071-b1a3-47cedd7612ae,Right,person,2087,2097,208.7,209.7,12,1.0,130.08661720225348,501.5306570888763,1430.9527892247881,329.4490704617887,219.36556247506124,1.0,-246.0,482.0,0
9cfdedde-65ee-5b70-8c37-53b6f569d30c,73601b90-308e-4071-b1a3-47cedd7612ae,Right,person,2100,2103,210.0,210.3,3,0.30000000000001137,268.5004734844239,528.0009469688478,537.0009469688478,133.10522904934305,94.89467845985885,0.6666666666666666,487.0,195.0,0
14d8820b-d361-5bc6-9b33-b04535bff3f6,73601b90-308e-4071-b1a3-47cedd7612ae,Right,person,2112,2116,211.2,211.6,6,0.4000000000000057,43.95449203258308,100.16985574512923,219.77246016291542,165.01004366876535,94.45983356035516,1.0,-148.0,-154.0,1
31efe7f6-6773-5cb6-ae43-aef3f5fd18b5,73601b90-308e-4071-b1a3-47cedd7612ae,Right,person,2125,2153,212.5,215.3,36,2.8000000000000114,11.797752813518263,50.53711507397311,412.92134847313923,305.53083681726184,157.3642768388048,1.0,-87.0,28.0,1
ee387bc3-ca25-55eb-9458-d40ddc32c7f9,73601b90-308e-4071-b1a3-47cedd7612ae,Right,person,2157,2158,215.7,215.8,4,0.10000000000002274,5.21749194749951,15.652475842498529,15.652475842498529,258.7798351944819,250.59753590169237,1.0,7.0,14.0,1
f67bcdcc-9713-5ac7-a7b7-785b80fbb1e9,73601b90-308e-4071-b1a3-47cedd7612ae,Right,person,2167,2169,216.7,216.9,4,0.20000000000001705,129.99575502988688,304.4010512465422,389.98726508966064,173.53404927344516,58.71647979911602,1.0,363.0,-114.0,1
20956f7c-c6ad-5f30-a1ca-5d20e9fe9969,73601b90-308e-4071-b1a3-47cedd7612ae,Right,person,2175,2193,217.5,219.3,31,1.8000000000000114,61.080794596431176,482.895433815645,1832.4238378929354,195.0796616699692,70.31738871893637,1.0,-144.0,134.0,0
0e925a61-1aa2-5ef8-84c4-a9a697304057,73601b90-308e-4071-b1a3-47cedd7612ae,Right,person,2201,2217,220.1,221.7,14,1.5999999999999943,30.977308591782755,111.28791488746656,402.70501169317583,475.15540072894703,411.0874488779729,1.0,-80.0,173.0,1
b8766016-4ed6-53f6-b686-0e62afdf93d1,73601b90-308e-4071-b1a3-47cedd7612ae,Right,person,2259,2270,225.9,227.0,13,1.0999999999999943,28.075075437541823,68.41052550594829,336.90090525050186,260.0846123170175,35.2934129831616,1.0,-181.0,-93.0,1
357fd62e-86c4-5e48-b35c-08661e25882f,73601b90-308e-4071-b1a3-47cedd7612ae,Right,person,2275,2284,227.5,228.4,10,0.9000000000000057,231.33537901545463,559.15024814445,2082.018411139092,327.1371754466817,186.5698595700817,1.0,-163.0,224.0,0
06edd078-910b-5d29-96ac-b43d5452a63e,73601b90-308e-4071-b1a3-47cedd7612ae,Right,person,2287,2315,228.7,231.5,34,2.8000000000000114,110.42306870021869,920.0054347665562,3643.961267107217,374.4059223380284,45.357606859268934,0.9117647058823529,334.0,606.0,0
95ea412f-469f-5d74-a207-653429b4e6a8,73601b90-308e-4071-b1a3-47cedd7612ae,Right,person,2322,2329,232.2,232.9,10,0.700000000000017,228.19776072799544,947.1905827234559,2053.779846551959,440.7811918135766,369.6488673812622,1.0,-67.0,87.0,0
b4434060-85b7-5e7a-a2e5-db1188389ed8,73601b90-308e-4071-b1a3-47cedd7612ae,Right,person,2443,2445,244.3,244.5,3,0.19999999999998863,293.60464788324856,333.9011829868232,587.2092957664971,530.5878846972756,393.7967147387882,1.0,436.0,-389.0,0
0137e3bd-26ae-53f5-b848-13ded0856035,7d81d766-c5cd-4140-900a-d502b9899069,Left,person,44,45,4.4,4.5,3,0.09999999999999964,184.44036976757556,368.8807395351511,368.8807395351511,232.39234285570936,171.71651784263506,1.0,-203.0,-308.0,0
8cb72460-60e1-50f8-b2d2-6fd2374e568c,7d81d766-c5cd-4140-900a-d502b9899069,Left,person,49,94,4.9,9.4,51,4.5,39.39492560496556,490.40799340956914,1969.746280248278,207.75488628260078,90.9371348789921,1.0,290.0,-401.0,0
8e4066e4-f4e5-5d08-adab-1333fd3669c3,7d81d766-c5cd-4140-900a-d502b9899069,Left,person,101,104,10.1,10.4,3,0.3000000000000007,196.0,360.0,392.0,228.94424418817343,172.0501834494808,1.0,0.0,328.0,0
49e48de0-030b-51d1-b649-87104cf4a6fa,7d81d766-c5cd-4140-900a-d502b9899069,Left,person,107,125,10.7,12.5,18,1.8000000000000007,99.17924155862556,378.25123925771874,1686.0471064966341,148.34866099057254,28.962259925634257,1.0,38.0,69.0,0
32913cd9-f782-5906-8114-d163a9c9a550,7d81d766-c5cd-4140-900a-d502b9899069,Left,person,128,130,12.8,13.0,3,0.1999999999999993,12.369316876852983,20.615528128088304,24.738633753705965,93.07089655195351,49.211914207841986,1.0,9.0,23.0,1
b1ad73a2-9375-5322-aab2-fde8d52762ed,7d81d766-c5cd-4140-900a-d502b9899069,Left,person,139,142,13.9,14.2,4,0.29999999999999893,5.349954711070478,6.708203932499369,16.049864133211436,90.09316725127795,48.74439070293114,1.0,10.0,-5.0,1
5fb40771-ec13-5d3c-8051-dcc6d9e5f7c9,7d81d766-c5cd-4140-900a-d502b9899069,Left,person,154,160,15.4,16.0,7,0.5999999999999996,13.350006914930729,26.870057685088806,80.10004148958437,102.3750912993924,42.95346318982906,1.0,43.0,-23.0,1
da58f6e1-3e8b-5cf4-be9b-12d0826b6170,7d81d766-c5cd-4140-900a-d502b9899069,Left,person,285,296,28.5,29.6,13,1.1000000000000014,13.496169494332193,90.44335243676011,161.95403393198632,146.03971232854053,119.92686573491362,1.0,85.0,109.0,1
7d671e46-da63-5773-9f16-b6f037bd1cab,7d81d766-c5cd-4140-900a-d502b9899069,Left,person,338,341,33.8,34.1,4,0.30000000000000426,8.416870684262493,11.40175425099138,25.25061205278748,206.03046512389,203.41859551181648,1.0,-16.0,-15.0,1
b46ccc01-bf7c-5bf0-92af-5687500c8cbf,7d81d766-c5cd-4140-900a-d502b9899069,Left,person,355,368,35.5,36.8,11,1.2999999999999972,57.03186694660867,269.5366394388711,570.3186694660867,263.66265145694746,111.25577583321237,1.0,191.0,-139.0,1
358560fa-2648-511d-8a92-2a0c19ceff8d,7d81d766-c5cd-4140-900a-d502b9899069,Left,person,432,439,43.2,43.9,7,0.6999999999999957,14.410627191146444,41.14608122288197,86.46376314687866,159.76501919791826,149.48014082144826,1.0,37.0,19.0,1
0ca648bc-13db-5d12-a863-e35e5f82be8f,7d81d766-c5cd-4140-900a-d502b9899069,Left,person,498,499,49.8,49.9,3,0.10000000000000142,14.807092894960848,29.614185789921695,29.614185789921695,98.58346834589008,48.25145723188057,1.0,-29.0,-6.0,1
e6768bb3-7d59-59a3-9368-8c71f9427c51,7d81d766-c5cd-4140-900a-d502b9899069,Left,person,534,550,53.4,55.0,18,1.6000000000000014,11.054178892441161,42.95346318982906,187.92104117149975,143.82337479446434,112.83770494054724,1.0,18.0,17.0,1
52fd50cf-e051-527d-9414-d5b19a8940e0,7d81d766-c5cd-4140-900a-d502b9899069,Left,person,598,614,59.8,61.4,18,1.6000000000000014,73.84578646042249,356.5529413705628,1255.3783698271823,260.7054774913012,176.90538608250458,1.0,37.0,93.0,0
506938f2-73ac-5b94-9ca5-a25fcdce70e6,7d81d766-c5cd-4140-900a-d502b9899069,Left,person,626,628,62.6,62.8,3,0.19999999999999574,24.09246643159367,31.906112267087632,48.18493286318734,129.59152254481867,50.75677294706589,1.0,20.0,43.0,1
7a094b13-2a10-581e-b336-5f935c62a0e7,7d81d766-c5cd-4140-900a-d502b9899069,Left,person,648,650,64.8,65.0,3,0.20000000000000284,43.41788926891218,68.15423684555495,86.83577853782435,261.2376347212451,226.77328987338876,1.0,-1.0,-71.0,1
33d2c4cd-2048-5193-84fd-c0e501ed02a4,7d81d766-c5cd-4140-900a-d502b9899069,Left,person,672,674,67.2,67.4,4,0.20000000000000284,188.3608443369118,547.9945255201004,565.0825330107355,337.0110655519458,313.5172443423168,1.0,-27.0,-563.0,0
995d47b1-a958-5140-8d14-33f56a16bb31,7d81d766-c5cd-4140-900a-d502b9899069,Left,person,685,690,68.5,69.0,5,0.5,58.26687261363631,196.8146336022807,233.06749045454524,149.07684902485866,83.04234612533536,1.0,-125.0,-169.0,1
d901d6b2-e0a9-591f-a40e-2883601f73f9,7d81d766-c5cd-4140-900a-d502b9899069,Left,person,709,711,70.9,71.1,4,0.19999999999998863,256.02792286112987,389.7717280665698,768.0837685833897,164.58131398773622,51.06674553953874,1.0,-1.0,-13.0,0
3c8547cc-b861-59c7-9995-5712989057a1,7d81d766-c5cd-4140-900a-d502b9899069,Left,person,714,725,71.4,72.5,10,1.0999999999999943,95.59605305867778,533.8248776518382,860.3644775281,205.93122470910288,125.5950835025002,1.0,-115.0,-420.0,0
fa4d1fa8-4eb4-5ece-a24d-2150df17ae9b,7d81d766-c5cd-4140-900a-d502b9899069,Left,person,740,742,74.0,74.2,4,0.20000000000000284,19.24400229837624,34.92849839314596,57.73200689512872,157.76753156694687,120.76360236532364,1.0,-46.0,32.0,1
1cf1d34d-e587-5795-aaa1-2975350d4a72,7d81d766-c5cd-4140-900a-d502b9899069,Left,person,752,752,75.2,75.2,5,0.0,0.0,0.0,0.0,385.81739527916574,385.81739527916574,1.0,0.0,0.0,1
42f4baa0-bef2-5137-aaaa-fcd8bdd01fe2,7d81d766-c5cd-4140-900a-d502b9899069,Left,person,760,763,76.0,76.3,4,0.29999999999999716,18.220669285245393,29.206163733020468,54.66200785573618,119.89545765489325,60.30599058136762,1.0,41.0,0.0,1
95ec52c6-0864-5b9d-8f2c-22cbd17f6da8,7d81d766-c5cd-4140-900a-d502b9899069,Left,person,873,876,87.3,87.6,4,0.29999999999999716,13.701739664413735,29.68164415931166,41.1052189932412,143.263731261962,128.67254952008994,1.0,-32.0,-11.0,1
f33df2c6-1e4e-59f8-be8e-c838d561286b,7d81d766-c5cd-4140-900a-d502b9899069,Left,person,1032,1036,103.2,103.6,4,0.3999999999999915,74.8053485718298,158.2024020045208,224.4160457154894,149.90944244240424,122.94968483082826,1.0,172.0,20.0,1
d82411e4-2553-5559-8eca-3aec94dc174c,7d81d766-c5cd-4140-900a-d502b9899069,Left,person,1071,1074,107.1,107.4,4,0.30000000000001137,33.837618025469055,73.33484846919642,101.51285407640717,160.90571169912,137.51931682494646,1.0,86.0,-18.0,1
1cd4739a-a377-5eac-9a82-5616b4da690e,7d81d766-c5cd-4140-900a-d502b9899069,Left,person,1146,1148,114.6,114.8,3,0.20000000000000284,23.6162135490559,26.019223662515376,47.2324270981118,152.02271039328932,107.91113241922726,1.0,16.0,-11.0,1
524110c8-daaf-52c1-bb87-66e31edacc45,7d81d766-c5cd-4140-900a-d502b9899069,Left,person,1177,1187,117.7,118.7,10,1.0,25.784262523001928,53.08483775994799,232.05836270701735,85.54872192871258,50.08839841969396,1.0,-30.0,27.0,1
1941fb0c-1e06-5fb9-9491-f16e9ed51f38,7d81d766-c5cd-4140-900a-d502b9899069,Left,person,1219,1220,121.9,122.0,3,0.09999999999999432,3.905124837953327,7.810249675906654,7.810249675906654,344.98931365921067,123.7614262401658,1.0,6.0,-5.0,1
7596a559-322a-5b80-a5f9-c38961a7ef22,7d81d766-c5cd-4140-900a-d502b9899069,Left,person,1224,1227,122.4,122.7,4,0.29999999999999716,18.070020955755997,35.608987629529715,54.21006286726799,466.97647103297777,288.4210856651261,1.0,37.0,39.0,1
30c1434e-4985-562f-b4ab-521d0a3c9613,7d81d766-c5cd-4140-900a-d502b9899069,Left,person,1244,1247,124.4,124.7,4,0.29999999999999716,87.76202890164585,242.6705585768492,263.28608670493753,333.4091808767943,256.09951564589596,1.0,133.0,-227.0,1
334e0d76-556b-55b6-bdaa-8b39d4b04bd5,7d81d766-c5cd-4140-900a-d502b9899069,Left,person,1264,1274,126.4,127.4,9,1.0,55.00354678649586,230.4951192541829,440.0283742919668,346.305776265959,149.7522041782691,1.0,25.0,32.0,1
35d99d84-975e-54e2-a489-357a0b84d9c2,7d81d766-c5cd-4140-900a-d502b9899069,Left,person,1461,1462,146.1,146.2,4,0.09999999999999432,5.676462121975468,17.029386365926403,17.029386365926403,444.56658471998537,400.6185841919968,1.0,-17.0,-1.0,1
bfce6afd-ec83-505e-94c5-183b49383ed0,7d81d766-c5cd-4140-900a-d502b9899069,Left,person,1646,1650,164.6,165.0,6,0.4000000000000057,307.66879080892943,764.4717130149421,1538.3439540446473,270.0582301813569,168.87421354369056,1.0,505.0,-62.0,0
358ad2a7-d160-5ecf-a42d-8f29c3343a59,7d81d766-c5cd-4140-900a-d502b9899069,Left,person,2131,2137,213.1,213.7,6,0.5999999999999943,53.579336473537865,81.12336284942828,267.8966823676893,175.10722179787777,65.19202405202648,1.0,167.0,-122.0,1
3c4304dd-0b9c-59d5-b5b9-4dcefff9a64f,7d81d766-c5cd-4140-900a-d502b9899069,Left,person,2140,2148,214.0,214.8,10,0.8000000000000114,24.21017159499308,48.16637831516918,217.89154435493774,288.32051405216924,236.14670360815964,1.0,-25.0,62.0,1
8e6819f1-630f-5e9c-9e95-db7619d044c8,7d81d766-c5cd-4140-900a-d502b9899069,Left,person,2151,2162,215.1,216.2,9,1.0999999999999943,74.63182659643665,192.02343606966312,597.0546127714932,234.42713604518642,182.010859909512,1.0,-58.0,-37.0,1
98406491-7b3a-5282-bbda-e47cb8dbb572,7d81d766-c5cd-4140-900a-d502b9899069,Right,person,0,3,0.0,0.3,11,0.3,40.34743189821456,389.6254611803495,403.4743189821456,403.42506684163834,302.777894049417,1.0,141.0,364.0,1
e927eb7f-703d-5042-96e3-83dd22d8f741,7d81d766-c5cd-4140-900a-d502b9899069,Right,person,11,16,1.1,1.6,6,0.5,134.15469338869602,522.9732306724695,670.7734669434801,360.2920381372824,26.049532145510792,1.0,-147.0,601.0,0
65068cd1-f4ff-5bad-86ed-51c546fd3b49,7d81d766-c5cd-4140-900a-d502b9899069,Right,person,19,30,1.9,3.0,14,1.1,162.61660999393126,687.6336233780312,2114.0159299211064,348.84974675519913,158.41973519735475,1.0,330.0,425.0,0
3b8af2c3-ec0a-5e89-abac-07d773038217,7d81d766-c5cd-4140-900a-d502b9899069,Right,person,48,52,4.8,5.2,5,0.40000000000000036,58.57221657685746,161.47445618425226,234.28886630742983,437.6317504378729,390.12514017940447,1.0,-194.0,124.0,1
4b85a9fc-195a-53a6-8d65-3e172bdeb3af,7d81d766-c5cd-4140-900a-d502b9899069,Right,person,92,104,9.2,10.4,13,1.200000000000001,133.49876111394067,618.2628890690432,1601.985133367288,267.6044131383858,181.24327573733598,1.0,250.0,-69.0,0
7f29344f-98c7-5b98-b7c4-ee86de67dee6,7d81d766-c5cd-4140-900a-d502b9899069,Right,person,119,122,11.9,12.2,3,0.29999999999999893,257.18209196905246,486.18617833089417,514.3641839381049,410.9677585761613,202.72210042321484,1.0,-74.0,-489.0,0
916c2615-4574-562f-bf56-0596488a9491,7d81d766-c5cd-4140-900a-d502b9899069,Right,person,157,159,15.7,15.9,3,0.20000000000000107,54.818291865390904,89.9388681271896,109.63658373078181,543.2103315975384,487.91680899514006,1.0,68.0,49.0,1
93802bd2-e50b-5530-8856-d14427ee6fe6,7d81d766-c5cd-4140-900a-d502b9899069,Right,person,170,172,17.0,17.2,3,0.1999999999999993,15.685202745097776,21.470910553583888,31.37040549019555,447.4754051651153,443.0400659082652,1.0,3.0,-26.0,1
24f4502d-2679-5c9d-aab8-8bd1939a3840,7d81d766-c5cd-4140-900a-d502b9899069,Right,person,182,183,18.2,18.3,3,0.10000000000000142,73.348483283569,146.696966567138,146.696966567138,222.40829374527766,154.33659694398474,1.0,-64.0,-132.0,1
2a85314e-af50-5150-ab16-8dd18fd70104,7d81d766-c5cd-4140-900a-d502b9899069,Right,person,194,196,19.4,19.6,4,0.20000000000000284,9.910712498212337,29.732137494637012,29.732137494637012,115.89943980186898,103.17491216376199,1.0,-28.0,-10.0,1
edb5e9da-a299-5e89-be44-e543ac5a8a90,7d81d766-c5cd-4140-900a-d502b9899069,Right,person,244,247,24.4,24.7,4,0.3000000000000007,20.313053951452805,23.259406699226016,60.93916185435842,267.4868521019141,240.1525556807589,1.0,41.0,-39.0,1
a4cf48ce-06af-583d-ac6b-3d1967455e76,7d81d766-c5cd-4140-900a-d502b9899069,Right,person,282,284,28.2,28.4,3,0.1999999999999993,8.164830620675682,12.206555615733702,16.329661241351364,120.42887861433837,112.80742717126387,1.0,11.0,3.0,1
c211a88c-964d-556f-8f5c-3bf020aa1c74,7d81d766-c5cd-4140-900a-d502b9899069,Right,person,297,320,29.7,32.0,22,2.3000000000000007,9.95329639525078,26.248809496813376,209.01922430026633,191.52140216076367,131.9196754894811,1.0,1.0,18.0,1
6d61fd0a-3def-551e-8497-8305c2789da2,7d81d766-c5cd-4140-900a-d502b9899069,Right,person,323,328,32.3,32.8,6,0.5,10.803618536803265,15.652475842498529,54.018092684016324,227.52696052568606,224.39696967650877,1.0,-42.0,21.0,1
5ae550c4-28b6-5d11-8af6-bc416f4916f5,7d81d766-c5cd-4140-900a-d502b9899069,Right,person,334,337,33.4,33.7,4,0.30000000000000426,21.0191883971132,28.319604517012593,63.0575651913396,175.6065715780112,157.8207547346039,1.0,-7.0,2.0,1
c5404a86-3566-5441-9793-af94b4352e95,7d81d766-c5cd-4140-900a-d502b9899069,Right,person,350,367,35.0,36.7,21,1.7000000000000028,70.45318057092477,362.5961941333637,1409.0636114184954,265.88725737056643,211.90159309512046,1.0,-72.0,27.0,0
386eeb9b-c8cd-5d92-8430-f0e5290ed396,7d81d766-c5cd-4140-900a-d502b9899069,Right,person,373,393,37.3,39.3,23,2.0,39.77503163005467,199.11052207254141,875.0506958612027,288.1495829751383,164.73027195995277,1.0,-149.0,82.0,1
409857a1-e5d3-5d97-8af6-5ea168a3422e,7d81d766-c5cd-4140-900a-d502b9899069,Right,person,432,446,43.2,44.6,16,1.3999999999999986,6.750011991045922,13.601470508735444,101.25017986568884,224.65762923079228,215.46788660088075,1.0,66.0,-7.0,1
127fb396-a586-586d-8993-c2170aed5d31,7d81d766-c5cd-4140-900a-d502b9899069,Right,person,451,460,45.1,46.0,17,0.8999999999999986,10.488177332461335,40.792156108742276,167.81083731938133,203.79096385028578,187.18900249814357,1.0,-1.0,-31.0,1
d5f0771b-9965-5931-9c9a-a7d8236d60bf,7d81d766-c5cd-4140-900a-d502b9899069,Right,person,479,481,47.9,48.1,3,0.20000000000000284,139.4339998396834,140.24621207005913,278.8679996793668,236.93803599083984,189.41439359246172,1.0,187.0,-206.0,1
cd8c49e9-8423-51cd-916f-88739c92eeaa,7d81d766-c5cd-4140-900a-d502b9899069,Right,person,494,500,49.4,50.0,5,0.6000000000000014,48.8377166013248,115.91807451816995,195.3508664052992,187.38826130285966,132.87447083619938,1.0,81.0,-47.0,1
3a349a79-6de3-538f-836e-783df7e612c2,7d81d766-c5cd-4140-900a-d502b9899069,Right,person,511,525,51.1,52.5,21,1.3999999999999986,62.916946086400934,548.5663132201977,1258.3389217280187,212.12171942480333,121.91611886482649,1.0,-365.0,-387.0,0
b4c28c78-31c0-5a7b-8fe3-07f5e9372669,7d81d766-c5cd-4140-900a-d502b9899069,Right,person,537,575,53.7,57.5,36,3.799999999999997,31.60357385647233,326.06901110041105,1106.1250849765313,242.2677058612017,158.93419432268186,1.0,112.0,95.0,0
cdeb7bb2-2bde-5879-88e0-6085538169dd,7d81d766-c5cd-4140-900a-d502b9899069,Right,person,578,581,57.8,58.1,5,0.30000000000000426,38.24360473692623,67.68308503607086,152.97441894770492,478.9683792760854,385.6618955202212,0.8,37.0,1.0,1
0afd21cb-5800-51d5-b39d-3431e9419109,7d81d766-c5cd-4140-900a-d502b9899069,Right,person,613,614,61.3,61.4,3,0.10000000000000142,43.072613108563544,86.14522621712709,86.14522621712709,495.83327226682985,491.7637511184232,1.0,86.0,5.0,1
a93b9ecf-fd8c-50ef-a7f8-8bdf71820eb6,7d81d766-c5cd-4140-900a-d502b9899069,Right,person,623,629,62.3,62.9,7,0.6000000000000014,11.5,17.0,69.0,437.69668306403776,415.47232158111325,0.14285714285714285,3.0,8.0,1
fa37cc86-5262-5d7e-b31c-c98e5ecc2215,7d81d766-c5cd-4140-900a-d502b9899069,Right,person,634,636,63.4,63.6,3,0.20000000000000284,139.36816823144082,212.42645786248002,278.73633646288164,467.84598123592394,227.2100143589626,1.0,34.0,216.0,1
8d032581-e563-52ff-8612-2c2bb5af8660,7d81d766-c5cd-4140-900a-d502b9899069,Right,person,668,673,66.8,67.3,6,0.5,31.852730486376384,70.45565981523414,159.26365243188192,213.44431570535002,132.0100019884857,1.0,91.0,56.0,1
8a49efcd-bbac-570e-adc5-82173faf7fb4,7d81d766-c5cd-4140-900a-d502b9899069,Right,person,684,688,68.4,68.8,5,0.3999999999999915,23.047885098324066,38.897300677553446,92.19154039329626,363.83740801946334,352.76922343084294,1.0,-6.0,-15.0,1
5ce27fc5-06de-5260-b55e-2fc9a02faed8,7d81d766-c5cd-4140-900a-d502b9899069,Right,person,715,734,71.5,73.4,27,1.9000000000000057,21.69356467621507,93.1933474020544,564.0326815815918,364.3953751696264,138.9153434874996,1.0,318.0,82.0,1
7b975c9c-0348-594e-9fc6-c084910da5c7,7d81d766-c5cd-4140-900a-d502b9899069,Right,person,753,756,75.3,75.6,5,0.29999999999999716,103.95382390008727,167.4305826305338,415.8152956003491,171.16380195662856,78.68171642764283,1.0,-408.0,72.0,1
5ebbdfcb-ad09-5963-b66b-c3c0629291a9,7d81d766-c5cd-4140-900a-d502b9899069,Right,person,786,790,78.6,79.0,4,0.4000000000000057,220.07375085970648,358.687886608957,660.2212525791194,354.3276050262047,258.9444921213811,1.0,45.0,232.0,0
897f24fc-fd88-57b7-bc0e-b495106a2a5a,7d81d766-c5cd-4140-900a-d502b9899069,Right,person,861,863,86.1,86.3,3,0.20000000000000284,26.353325220409992,26.40075756488817,52.706650440819985,348.5363155924793,327.5765654774468,1.0,15.0,50.0,1
e6f19fe4-0d06-5b04-97ba-3d0a51615fc8,7d81d766-c5cd-4140-900a-d502b9899069,Right,person,866,869,86.6,86.9,6,0.30000000000001137,105.02797499999846,302.67639485100256,525.1398749999923,186.05621105533524,123.19122584421343,1.0,31.0,74.0,1
d63af429-44a8-5485-9e7a-c0b7da9a61d5,7d81d766-c5cd-4140-900a-d502b9899069,Right,person,872,877,87.2,87.7,8,0.5,87.775152478273,294.0612181162283,614.426067347911,133.92143313027586,82.06247619953957,1.0,-38.0,-9.0,1
c58789d3-1a2b-58de-bd44-6cffb4457d97,7d81d766-c5cd-4140-900a-d502b9899069,Right,person,882,887,88.2,88.7,6,0.5,101.08078144333625,230.32585612562042,505.40390721668126,278.829772837936,79.84460004439875,1.0,16.0,-21.0,1
a65d053c-3c0e-5723-963e-e7e199d2ce3c,7d81d766-c5cd-4140-900a-d502b9899069,Right,person,900,907,90.0,90.7,8,0.7000000000000028,11.416691991815892,22.0,79.91684394271124,451.46885184479015,434.85917260648876,0.875,34.0,38.0,1
b6936f34-0304-550c-8de8-7f6ad1d8dd6a,7d81d766-c5cd-4140-900a-d502b9899069,Right,person,912,933,91.2,93.3,24,2.0999999999999943,209.33474782590324,624.318027931278,4814.6991999957745,393.6166189952556,115.66249392089036,1.0,32.0,25.0,0
26d2c24a-fd4b-5107-a372-7ebcef4d753b,7d81d766-c5cd-4140-900a-d502b9899069,Right,person,944,964,94.4,96.4,22,2.0,207.26458027576558,768.346276102123,4352.556185791077,355.7122544547759,100.40986318584444,1.0,-109.0,-279.0,0
c22b9996-bb35-5fee-92c4-6b29a444f169,7d81d766-c5cd-4140-900a-d502b9899069,Right,person,970,998,97.0,99.8,33,2.799999999999997,173.51711948280266,882.8323736701096,5552.547823449684,390.6731123630227,73.805593453342,1.0,153.0,735.0,0
fc05dce0-1044-5086-ae31-35c32fe3b3a6,7d81d766-c5cd-4140-900a-d502b9899069,Right,person,1009,1037,100.9,103.7,31,2.799999999999997,103.83407472197162,496.89133620943727,3115.0222416591487,224.13952176047837,61.85697338417068,0.967741935483871,-73.0,48.0,0
3247e745-c564-5dbd-b79e-3d20b10d533f,7d81d766-c5cd-4140-900a-d502b9899069,Right,person,1046,1054,104.6,105.4,9,0.8000000000000114,38.672352878130496,49.678969393496885,309.37882302504397,294.241503829949,129.6767917265846,1.0,67.0,-15.0,1
e614762a-fadb-58a8-b4d0-531c96ac5660,7d81d766-c5cd-4140-900a-d502b9899069,Right,person,1073,1078,107.3,107.8,5,0.5,196.444145334278,320.18900668199086,785.776581337112,187.90977661713598,133.77248642751618,1.0,-349.0,-701.0,0
6838912b-3655-58e8-adf4-a45598df112d,7d81d766-c5cd-4140-900a-d502b9899069,Right,person,1142,1148,114.2,114.8,7,0.5999999999999943,111.89365164341329,305.45212390815027,671.3619098604797,208.30003377062098,113.50290814005604,1.0,26.0,230.0,1
c9f53d51-dd1b-5218-b2f7-62f71a060a2c,7d81d766-c5cd-4140-900a-d502b9899069,Right,person,1177,1181,117.7,118.1,5,0.3999999999999915,37.316059184161624,42.04759208325728,149.2642367366465,134.71088715074276,113.82030794194857,1.0,110.0,37.0,1
a90176eb-0526-5e02-8311-ceaab7814c5a,7d81d766-c5cd-4140-900a-d502b9899069,Right,person,1207,1215,120.7,121.5,8,0.7999999999999972,241.60549391533272,868.691544795965,1691.238457407329,596.6194967271056,391.41670270473895,1.0,30.0,-957.0,0
3f57ee74-0a37-59ed-84b7-1a74724ad1d9,7d81d766-c5cd-4140-900a-d502b9899069,Right,person,1228,1237,122.8,123.7,9,0.9000000000000057,27.829058181738354,86.02325267042627,222.6324654539068,247.5401944245098,98.50208198941787,1.0,57.0,-167.0,1
7eb8a272-6b92-5b1e-8b97-f133d6f3e1de,7d81d766-c5cd-4140-900a-d502b9899069,Right,person,1243,1246,124.3,124.6,3,0.29999999999999716,96.23501122598199,161.94134740701648,192.47002245196398,390.84710704353233,340.4735672559619,1.0,-1.0,-144.0,1
d1cc7438-7c7a-5ad0-929d-1771174031bd,7d81d766-c5cd-4140-900a-d502b9899069,Right,person,1260,1265,126.0,126.5,5,0.5,85.45443251405413,159.66527487215245,341.81773005621653,512.854002570381,135.7982907891333,1.0,-76.0,-30.0,1
88763db0-8c9c-5495-9081-f4f3900e520e,7d81d766-c5cd-4140-900a-d502b9899069,Right,person,1268,1269,126.8,126.9,3,0.10000000000000853,10.606601717798213,21.213203435596427,21.213203435596427,241.4580198975901,97.45030784969332,1.0,-3.0,-21.0,1
12c2150c-a015-50ba-98e3-ff2874ef67a8,7d81d766-c5cd-4140-900a-d502b9899069,Right,person,1272,1275,127.2,127.5,4,0.29999999999999716,127.37821831000565,198.92712233378333,382.13465493001695,323.3937255349415,302.2812112322936,1.0,14.0,55.0,1
eaa9ed4b-b0be-5fe2-a9ce-b7de76f0911f,7d81d766-c5cd-4140-900a-d502b9899069,Right,person,1294,1294,129.4,129.4,3,0.0,0.0,0.0,0.0,276.9171807598799,276.9171807598799,1.0,0.0,0.0,1
4139f492-2eec-5c65-8ad3-c03579cf516e,7d81d766-c5cd-4140-900a-d502b9899069,Right,person,1321,1324,132.1,132.4,3,0.30000000000001137,59.179807879932284,78.43468620451031,118.35961575986457,303.5863554040411,289.3619057512581,1.0,-63.0,89.0,1
c60ffa7d-841e-5586-8a70-83756f9dcada,7d81d766-c5cd-4140-900a-d502b9899069,Right,person,1327,1330,132.7,133.0,6,0.30000000000001137,75.69614935020783,197.4968354176846,378.48074675103913,179.19540295688103,69.207116686075,1.0,318.0,-203.0,1
4fa3431b-1fe1-54f6-a851-dc65ebb87b25,7d81d766-c5cd-4140-900a-d502b9899069,Right,person,1386,1395,138.6,139.5,8,0.9000000000000057,180.13643026304854,488.7310098612528,1260.9550118413397,234.91555048924153,73.50449072165591,1.0,99.0,97.0,0
2a296471-24c3-577e-9289-f1a7c715c58f,7d81d766-c5cd-4140-900a-d502b9899069,Right,person,1410,1415,141.0,141.5,7,0.5,112.9462112901626,408.14213210596137,677.6772677409756,307.81546627060607,121.09629432810898,1.0,13.0,-543.0,0
e02167cd-f235-5644-82d2-ff15da65bf8d,7d81d766-c5cd-4140-900a-d502b9899069,Right,person,1421,1429,142.1,142.9,9,0.8000000000000114,105.07236843610363,363.05509223807894,840.578947488829,189.89243974719508,117.46515440759443,1.0,-98.0,503.0,1
6d353b3c-1c0e-5246-af4b-6ef84554b8fe,7d81d766-c5cd-4140-900a-d502b9899069,Right,person,1432,1444,143.2,144.4,11,1.200000000000017,65.32382984842629,259.5149321330085,653.2382984842628,198.11782344014756,75.41230420163542,1.0,124.0,246.0,1
b3942c61-9011-5804-99bc-a15033665d1d,7d81d766-c5cd-4140-900a-d502b9899069,Right,person,1447,1460,144.7,146.0,12,1.3000000000000114,157.96347395683134,783.4085779463995,1737.5982135251447,287.2587688008814,150.1474405584391,1.0,-233.0,411.0,0
a36d72f4-03c8-5ee4-99e1-3637c295d939,7d81d766-c5cd-4140-900a-d502b9899069,Right,person,1463,1470,146.3,147.0,6,0.6999999999999886,120.5503111971038,494.3278264471868,602.751555985519,319.4158182387147,154.9129291731326,1.0,128.0,-525.0,0
10735739-01af-5398-9695-5b24c653f10a,7d81d766-c5cd-4140-900a-d502b9899069,Right,person,1474,1476,147.4,147.6,3,0.19999999999998863,253.5158723283339,313.8996654983882,507.0317446566678,226.32765897517314,116.0010775812018,1.0,-117.0,-30.0,0
e19184c1-bb65-56ed-ac04-b40a4241a7a7,7d81d766-c5cd-4140-900a-d502b9899069,Right,person,1498,1517,149.8,151.7,23,1.8999999999999773,93.87237250250331,767.0202083387373,2065.1921950550727,345.3803677527134,153.86159567936375,1.0,76.0,642.0,0
45aca994-f6fd-5847-a32f-ff6b04966307,7d81d766-c5cd-4140-900a-d502b9899069,Right,person,1521,1536,152.1,153.6,20,1.5,80.72038727470306,604.3682652158368,1533.687358219358,367.65517131962895,122.59205724678904,1.0,-102.0,20.0,0
8bca29bd-4028-5e97-9e47-ab2f61f1b384,7d81d766-c5cd-4140-900a-d502b9899069,Right,person,1544,1565,154.4,156.5,26,2.0999999999999943,39.2249149237394,279.84638643370045,980.6228730934848,260.2906981873436,102.70589077555387,1.0,126.0,-32.0,0
fd5c432d-5c6e-5b58-8b21-4a82fbf19d8d,7d81d766-c5cd-4140-900a-d502b9899069,Right,person,1630,1644,163.0,164.4,15,1.4000000000000057,32.085771248121695,76.32168761236873,449.2007974737036,250.0172065254578,206.33324077811602,1.0,143.0,-7.0,1
b08a66a2-4c26-5eee-b575-c7a438b3eac0,7d81d766-c5cd-4140-900a-d502b9899069,Right,person,1719,1734,171.9,173.4,15,1.5,49.85563877856522,179.075403112767,697.9789428999131,236.1158602893138,179.23661909609876,1.0,-141.0,39.0,1
fe4756ed-0832-5286-849b-5380bd130755,7d81d766-c5cd-4140-900a-d502b9899069,Right,person,1749,1750,174.9,175.0,5,0.09999999999999432,12.947007376224052,51.78802950489621,51.78802950489621,432.52031767971295,426.2963604278865,1.0,51.0,9.0,1
8c6f5b1c-1958-543d-88da-334dda34e35c,7d81d766-c5cd-4140-900a-d502b9899069,Right,person,1753,1758,175.3,175.8,6,0.5,63.62514069653923,106.06601717798213,318.12570348269617,264.1828170831106,110.45361017187261,0.8333333333333334,94.0,197.0,1
72758c3b-82fd-5c20-aaed-36c094e5cf3b,7d81d766-c5cd-4140-900a-d502b9899069,Right,person,1767,1773,176.7,177.3,9,0.6000000000000227,40.839478063099214,116.60617479361889,326.71582450479366,376.7994532466856,312.38183390883984,1.0,84.0,98.0,1
a9d3a6ab-d4ff-5218-89e3-dfdeb7bf17c8,7d81d766-c5cd-4140-900a-d502b9899069,Right,person,2106,2110,210.6,211.0,4,0.4000000000000057,20.840058277750657,37.94733192202055,62.52017483325197,276.40269074062655,85.16438607921741,1.0,-13.0,-24.0,1
25115741-1e86-5d8d-aeb0-7d11b01f5d19,7d81d766-c5cd-4140-900a-d502b9899069,Right,person,2131,2164,213.1,216.4,35,3.3000000000000114,52.24242168347217,390.3331910048132,1776.2423372380533,387.11768277281317,85.28770816514242,0.9714285714285714,-269.0,116.0,0
602bb83b-1337-5745-a33d-c3be8451d48f,7d81d766-c5cd-4140-900a-d502b9899069,Right,person,2252,2262,225.2,226.2,10,1.0,22.161524541329985,61.00819617067857,199.45372087196986,274.80500588770434,11.672617529928752,1.0,108.0,45.0,1
ecfc3e37-4bc5-51db-ad42-baef2702e907,7d81d766-c5cd-4140-900a-d502b9899069,Right,person,2353,2355,235.3,235.5,3,0.19999999999998863,163.3477884759999,326.6955769519998,326.6955769519998,88.9397977542816,83.04349857905795,1.0,79.0,-317.0,1
08d4c1f2-c035-5961-a03b-289be3916722,7d81d766-c5cd-4140-900a-d502b9899069,Right,person,2374,2378,237.4,237.8,5,0.4000000000000057,177.2723282138333,370.3039292257105,709.0893128553332,226.0732525438977,82.97627673015944,1.0,171.0,-21.0,0
4a84af30-d093-5981-8466-71795bbe1c7f,7d81d766-c5cd-4140-900a-d502b9899069,Right,person,2425,2428,242.5,242.8,3,0.30000000000001137,59.381107428601354,108.4665847162157,118.76221485720271,82.42944287587164,44.16163493350309,1.0,-28.0,97.0,1
e7dd4b90-f35c-5921-80e3-4cc8706e4a38,7d81d766-c5cd-4140-900a-d502b9899069,Right,person,2461,2468,246.1,246.8,8,0.700000000000017,16.01880660154014,33.0,112.13164621078096,299.599755153262,263.4523201643895,1.0,73.0,43.0,1
a4f06849-534f-50c9-8104-b814a2096adc,7d81d766-c5cd-4140-900a-d502b9899069,Right,person,2630,2638,263.0,263.8,9,0.8000000000000114,64.89839436456023,199.90497742677644,519.1871549164817,295.0370834310074,192.13967900982868,1.0,145.0,-125.0,1
